{"stats":{"minecraft:crafted":{"minecraft:cooked_chicken":6,"minecraft:furnace":3,"minecraft:cooked_mutton":17,"minecraft:iron_boots":1,"minecraft:iron_axe":1,"minecraft:stone_pickaxe":2,"minecraft:dark_oak_planks":112,"minecraft:cooked_beef":20,"minecraft:cooked_porkchop":38,"minecraft:crafting_table":6,"minecraft:wooden_pickaxe":4,"minecraft:iron_helmet":1,"minecraft:iron_sword":1,"minecraft:cooked_salmon":11,"minecraft:birch_planks":104,"minecraft:stone_axe":3,"minecraft:air":0,"minecraft:shield":2,"minecraft:stick":40,"minecraft:iron_ingot":22,"minecraft:iron_pickaxe":2,"minecraft:wooden_axe":4,"minecraft:stone_sword":1,"minecraft:torch":4},"minecraft:custom":{"minecraft:mob_kills":75,"minecraft:interact_with_crafting_table":30,"minecraft:leave_game":6,"minecraft:time_since_death":31510,"minecraft:sprint_one_cm":345458,"minecraft:walk_one_cm":588901,"minecraft:damage_blocked_by_shield":360,"minecraft:drop":44,"minecraft:play_time":156063,"minecraft:deaths":11,"minecraft:sneak_time":558,"minecraft:walk_under_water_one_cm":63088,"minecraft:jump":1875,"minecraft:walk_on_water_one_cm":42735,"minecraft:total_world_time":156063,"minecraft:interact_with_furnace":122,"minecraft:sleep_in_bed":5,"minecraft:time_since_rest":3220,"minecraft:damage_taken":3270,"minecraft:damage_dealt":6451,"minecraft:swim_one_cm":44362,"minecraft:fly_one_cm":136319,"minecraft:open_chest":36,"minecraft:crouch_one_cm":2,"minecraft:fall_one_cm":32092},"minecraft:mined":{"minecraft:dark_oak_planks":3,"minecraft:white_bed":3,"minecraft:dark_oak_leaves":3,"minecraft:dark_oak_log":75,"minecraft:grass_block":3,"minecraft:tall_seagrass":1,"minecraft:hay_block":6,"minecraft:furnace":4,"minecraft:iron_ore":6,"minecraft:pumpkin":4,"minecraft:potatoes":1,"minecraft:stone":249,"minecraft:crafting_table":11,"minecraft:short_grass":7,"minecraft:tall_grass":3,"minecraft:cobblestone":12,"minecraft:wall_torch":1,"minecraft:birch_planks":5,"minecraft:birch_log":33,"minecraft:birch_leaves":2,"minecraft:coal_ore":24,"minecraft:dirt":1},"minecraft:picked_up":{"minecraft:wooden_axe":2,"minecraft:crafting_table":15,"minecraft:iron_chestplate":2,"minecraft:splash_potion":1,"minecraft:chicken":11,"minecraft:wooden_pickaxe":5,"minecraft:potion":1,"minecraft:shield":2,"minecraft:brick":21,"minecraft:wind_charge":3,"minecraft:iron_axe":1,"minecraft:raw_copper":14,"minecraft:beef":69,"minecraft:trial_key":7,"minecraft:iron_pickaxe":2,"minecraft:chest":1,"minecraft:birch_sapling":3,"minecraft:furnace":5,"minecraft:iron_boots":1,"minecraft:dark_oak_sapling":1,"minecraft:stick":14,"minecraft:raw_iron":15,"minecraft:torch":12,"minecraft:porkchop":69,"minecraft:carrot":2,"minecraft:dark_oak_planks":40,"minecraft:arrow":68,"minecraft:rotten_flesh":37,"minecraft:decorated_pot":8,"minecraft:hay_block":6,"minecraft:tuff_bricks":8,"minecraft:mutton":22,"minecraft:rail":1,"minecraft:cod":2,"minecraft:white_wool":10,"minecraft:cobblestone":390,"minecraft:birch_log":34,"minecraft:pink_petals":15,"minecraft:feather":9,"minecraft:andesite":5,"minecraft:water_bucket":1,"minecraft:salmon":11,"minecraft:brown_wool":1,"minecraft:leather":24,"minecraft:potato":2,"minecraft:birch_planks":13,"minecraft:waxed_copper_block":2,"minecraft:magenta_bed":1,"minecraft:gunpowder":2,"minecraft:dirt":15,"minecraft:cooked_mutton":6,"minecraft:bone":21,"minecraft:bow":3,"minecraft:wheat_seeds":2,"minecraft:iron_ingot":21,"minecraft:iron_sword":2,"minecraft:oak_planks":10,"minecraft:cooked_porkchop":3,"minecraft:pumpkin":4,"minecraft:gravel":3,"minecraft:white_bed":3,"minecraft:dark_oak_log":118,"minecraft:slime_ball":20,"minecraft:stone_axe":2,"minecraft:iron_helmet":1,"minecraft:crossbow":1,"minecraft:cherry_sapling":4,"minecraft:gray_wool":4,"minecraft:emerald":10,"minecraft:chainmail_helmet":2,"minecraft:oak_sapling":1,"minecraft:coal":26,"minecraft:chiseled_tuff_bricks":1},"minecraft:broken":{"minecraft:stone_pickaxe":1,"minecraft:wooden_axe":3},"minecraft:killed_by":{"minecraft:player":2,"minecraft:skeleton":4,"minecraft:zombie":3},"minecraft:dropped":{"minecraft:iron_ingot":4,"minecraft:birch_planks":12,"minecraft:crafting_table":1,"minecraft:dark_oak_sapling":1,"minecraft:decorated_pot":8,"minecraft:iron_helmet":1,"minecraft:feather":7,"minecraft:cobblestone":64,"minecraft:rail":1,"minecraft:emerald":5,"minecraft:dirt":15,"minecraft:torch":6,"minecraft:wooden_axe":2,"minecraft:iron_pickaxe":1,"minecraft:dark_oak_planks":4,"minecraft:bone":11,"minecraft:furnace":1,"minecraft:stone_axe":1,"minecraft:tuff_bricks":8,"minecraft:chiseled_tuff_bricks":1,"minecraft:raw_copper":7,"minecraft:birch_sapling":3,"minecraft:raw_iron":9,"minecraft:iron_boots":1,"minecraft:wind_charge":3,"minecraft:shield":1,"minecraft:trial_key":4,"minecraft:andesite":5,"minecraft:slime_ball":15,"minecraft:arrow":19,"minecraft:bow":1,"minecraft:wooden_pickaxe":6,"minecraft:brick":21},"minecraft:killed":{"minecraft:cod":1,"minecraft:skeleton":3,"minecraft:chicken":6,"minecraft:pig":19,"minecraft:salmon":12,"minecraft:sheep":6,"minecraft:cow":28},"minecraft:used":{"minecraft:stone_sword":20,"minecraft:shield":8,"minecraft:iron_sword":12,"minecraft:torch":2,"minecraft:carrot":2,"minecraft:dark_oak_planks":10,"minecraft:wooden_axe":147,"minecraft:iron_axe":3,"minecraft:beef":1,"minecraft:furnace":4,"minecraft:potato":1,"minecraft:cooked_mutton":6,"minecraft:birch_planks":7,"minecraft:stone_pickaxe":215,"minecraft:wooden_pickaxe":84,"minecraft:crafting_table":13,"minecraft:crossbow":1,"minecraft:white_bed":3,"minecraft:iron_pickaxe":1,"minecraft:stone_axe":30,"minecraft:cobblestone":26,"minecraft:cooked_porkchop":2}},"DataVersion":3953}