{"stats":{"minecraft:killed":{"minecraft:spider":1,"minecraft:skeleton":109,"minecraft:chicken":14,"minecraft:piglin_brute":4,"minecraft:piglin":7,"minecraft:pig":24,"minecraft:sheep":23,"minecraft:zombie":74,"minecraft:glow_squid":1,"minecraft:cow":5,"minecraft:blaze":16,"minecraft:evoker":1,"minecraft:armadillo":4,"minecraft:vindicator":6,"minecraft:slime":192,"minecraft:phantom":1,"minecraft:warden":1,"minecraft:bat":4,"minecraft:hoglin":3,"minecraft:breeze":10},"minecraft:dropped":{"minecraft:iron_sword":5,"minecraft:birch_planks":7,"minecraft:diamond_axe":1,"minecraft:ominous_bottle":1,"minecraft:cooked_beef":5,"minecraft:baked_potato":4,"minecraft:glass_bottle":9,"minecraft:diamond":2,"minecraft:cooked_porkchop":7,"minecraft:netherite_upgrade_smithing_template":1,"minecraft:red_carpet":1,"minecraft:emerald":2,"minecraft:dirt":15,"minecraft:polished_blackstone_brick_stairs":2,"minecraft:sand":14,"minecraft:iron_pickaxe":3,"minecraft:dark_oak_boat":2,"minecraft:gold_ingot":5,"minecraft:gravel":13,"minecraft:stone_axe":2,"minecraft:waxed_cut_copper_stairs":1,"minecraft:blackstone":1,"minecraft:ancient_debris":1,"minecraft:iron_nugget":3,"minecraft:chiseled_tuff_bricks":14,"minecraft:cobbled_deepslate":84,"minecraft:birch_sapling":1,"minecraft:pointed_dripstone":1,"minecraft:rotten_flesh":55,"minecraft:oak_planks":22,"minecraft:diamond_shovel":2,"minecraft:cooked_mutton":4,"minecraft:nether_brick_fence":2,"minecraft:honey_bottle":2,"minecraft:waxed_copper_block":8,"minecraft:carrot":7,"minecraft:chainmail_chestplate":1,"minecraft:leather_chestplate":1,"minecraft:tipped_arrow":6,"minecraft:melon_seeds":1,"minecraft:acacia_sapling":6,"minecraft:arrow":97,"minecraft:iron_bars":1,"minecraft:chiseled_tuff":2,"minecraft:warped_wart_block":1,"minecraft:stone_brick_stairs":2,"minecraft:iron_ingot":5,"minecraft:golden_boots":2,"minecraft:bread":50,"minecraft:wheat_seeds":8,"minecraft:golden_helmet":1,"minecraft:mossy_cobblestone":2,"minecraft:dripstone_block":1,"minecraft:diamond_leggings":1,"minecraft:mangrove_propagule":1,"minecraft:iron_helmet":1,"minecraft:feather":4,"minecraft:cobblestone":163,"minecraft:waxed_copper_grate":2,"minecraft:polished_tuff":10,"minecraft:granite":55,"minecraft:ominous_trial_key":2,"minecraft:spruce_stairs":5,"minecraft:coal":2,"minecraft:stick":18,"minecraft:gray_wool":1,"minecraft:diorite":51,"minecraft:golden_carrot":16,"minecraft:wooden_hoe":1,"minecraft:torch":56,"minecraft:melon_slice":29,"minecraft:waxed_copper_bulb":2,"minecraft:waxed_oxidized_copper":7,"minecraft:diamond_helmet":2,"minecraft:potion":5,"minecraft:iron_leggings":3,"minecraft:oak_stairs":2,"minecraft:string":8,"minecraft:pink_petals":6,"minecraft:acacia_planks":2,"minecraft:dandelion":1,"minecraft:smooth_basalt":1,"minecraft:nether_brick_slab":1,"minecraft:tuff_bricks":29,"minecraft:netherite_ingot":4,"minecraft:stone_sword":1,"minecraft:tuff":13,"minecraft:raw_iron":2,"minecraft:white_carpet":1,"minecraft:light_gray_wool":4,"minecraft:iron_boots":4,"minecraft:stone_slab":1,"minecraft:nether_bricks":16,"minecraft:shield":4,"minecraft:oak_button":4,"minecraft:trial_key":6,"minecraft:diamond_chestplate":3,"minecraft:spruce_planks":10,"minecraft:iron_chestplate":5,"minecraft:diamond_pickaxe":1,"minecraft:andesite":4,"minecraft:mossy_stone_bricks":1,"minecraft:golden_leggings":1,"minecraft:oak_sapling":2,"minecraft:slime_ball":12,"minecraft:brown_carpet":2,"minecraft:diamond_boots":1,"minecraft:waxed_chiseled_copper":1,"minecraft:birch_boat":1,"minecraft:bow":4,"minecraft:stone_pickaxe":4,"minecraft:wooden_pickaxe":1,"minecraft:raw_gold":1,"minecraft:magma_cream":1,"minecraft:calcite":2,"minecraft:black_wool":3,"minecraft:waxed_oxidized_copper_grate":1},"minecraft:killed_by":{"minecraft:creeper":1,"minecraft:magma_cube":1,"minecraft:vindicator":15,"minecraft:zombie":4,"minecraft:slime":1,"minecraft:warden":11,"minecraft:skeleton":13},"minecraft:crafted":{"minecraft:oak_planks":144,"minecraft:blaze_powder":4,"minecraft:cooked_chicken":19,"minecraft:birch_boat":1,"minecraft:slime_block":1,"minecraft:cooked_mutton":17,"minecraft:glass":39,"minecraft:bow":2,"minecraft:diamond_helmet":1,"minecraft:diamond_leggings":1,"minecraft:iron_boots":5,"minecraft:chest":5,"minecraft:golden_boots":1,"minecraft:glass_bottle":3,"minecraft:cooked_porkchop":51,"minecraft:diamond_axe":1,"minecraft:crafting_table":13,"minecraft:wooden_pickaxe":1,"minecraft:iron_helmet":3,"minecraft:gold_block":2,"minecraft:birch_planks":28,"minecraft:iron_chestplate":1,"minecraft:wooden_hoe":1,"minecraft:diamond_pickaxe":1,"minecraft:charcoal":7,"minecraft:emerald_block":3,"minecraft:shield":7,"minecraft:stick":44,"minecraft:iron_ingot":94,"minecraft:iron_pickaxe":9,"minecraft:iron_block":7,"minecraft:stone_sword":2,"minecraft:gold_ingot":31,"minecraft:shears":2,"minecraft:furnace":5,"minecraft:stone_pickaxe":3,"minecraft:diamond_boots":2,"minecraft:dark_oak_planks":124,"minecraft:magma_cream":3,"minecraft:cooked_beef":6,"minecraft:diamond_sword":1,"minecraft:iron_sword":2,"minecraft:bucket":2,"minecraft:stone_axe":2,"minecraft:acacia_boat":1,"minecraft:air":0,"minecraft:oak_boat":1,"minecraft:wooden_axe":1,"minecraft:iron_leggings":3,"minecraft:white_bed":2,"minecraft:acacia_planks":72,"minecraft:torch":20,"minecraft:diamond_chestplate":3},"minecraft:broken":{"minecraft:chainmail_boots":1,"minecraft:stone_pickaxe":1,"minecraft:shield":1,"minecraft:iron_pickaxe":8,"minecraft:iron_helmet":1},"minecraft:custom":{"minecraft:animals_bred":1,"minecraft:interact_with_crafting_table":95,"minecraft:open_barrel":18,"minecraft:leave_game":7,"minecraft:time_since_death":238953,"minecraft:sprint_one_cm":2382679,"minecraft:damage_blocked_by_shield":13283,"minecraft:drop":300,"minecraft:play_time":870721,"minecraft:deaths":54,"minecraft:jump":14026,"minecraft:interact_with_brewingstand":19,"minecraft:walk_on_water_one_cm":91801,"minecraft:enchant_item":5,"minecraft:interact_with_furnace":141,"minecraft:sleep_in_bed":23,"minecraft:damage_dealt":56880,"minecraft:player_kills":2,"minecraft:crouch_one_cm":121245,"minecraft:inspect_dispenser":14,"minecraft:interact_with_anvil":3,"minecraft:mob_kills":529,"minecraft:climb_one_cm":25891,"minecraft:walk_one_cm":1660817,"minecraft:sneak_time":49708,"minecraft:walk_under_water_one_cm":105255,"minecraft:boat_one_cm":209734,"minecraft:total_world_time":870721,"minecraft:time_since_rest":232,"minecraft:damage_taken":31235,"minecraft:damage_absorbed":160,"minecraft:swim_one_cm":125347,"minecraft:fly_one_cm":2076514,"minecraft:open_chest":395,"minecraft:fall_one_cm":440239},"minecraft:mined":{"minecraft:dark_oak_planks":5,"minecraft:spruce_planks":10,"minecraft:white_bed":1,"minecraft:mossy_stone_brick_slab":2,"minecraft:cherry_log":107,"minecraft:obsidian":7,"minecraft:granite":57,"minecraft:budding_amethyst":2,"minecraft:acacia_log":75,"minecraft:grass_block":14,"minecraft:cracked_polished_blackstone_bricks":68,"minecraft:chiseled_tuff_bricks":15,"minecraft:tuff_bricks":244,"minecraft:spawner":1,"minecraft:gilded_blackstone":1,"minecraft:polished_blackstone_bricks":188,"minecraft:iron_ore":129,"minecraft:fire":37,"minecraft:cobbled_deepslate":7,"minecraft:polished_tuff":31,"minecraft:deepslate_lapis_ore":3,"minecraft:pointed_dripstone":7,"minecraft:dirt_path":1,"minecraft:iron_bars":2,"minecraft:oak_stairs":2,"minecraft:polished_tuff_slab":1,"minecraft:waxed_cut_copper_stairs":1,"minecraft:deepslate_redstone_ore":2,"minecraft:blackstone":28,"minecraft:torch":2,"minecraft:calcite":193,"minecraft:melon":16,"minecraft:chest":4,"minecraft:nether_brick_slab":1,"minecraft:cobblestone":23,"minecraft:slime_block":1,"minecraft:oak_planks":7,"minecraft:waxed_chiseled_copper":1,"minecraft:wall_torch":4,"minecraft:amethyst_block":15,"minecraft:pink_petals":130,"minecraft:waxed_copper_bulb":2,"minecraft:birch_log":3,"minecraft:waxed_copper_block":22,"minecraft:light_gray_wool":14,"minecraft:stone_brick_stairs":2,"minecraft:oak_log":1,"minecraft:waxed_oxidized_copper":11,"minecraft:sand":14,"minecraft:dirt":27,"minecraft:smooth_basalt":47,"minecraft:dispenser":3,"minecraft:netherrack":283,"minecraft:deepslate":410,"minecraft:oak_leaves":5,"minecraft:tuff":15,"minecraft:mossy_cobblestone":2,"minecraft:deepslate_diamond_ore":10,"minecraft:dark_oak_log":43,"minecraft:nether_bricks":18,"minecraft:decorated_pot":2,"minecraft:spruce_leaves":1,"minecraft:moss_block":4,"minecraft:redstone_ore":1,"minecraft:waxed_oxidized_cut_copper":4,"minecraft:furnace":5,"minecraft:carrots":3,"minecraft:waxed_copper_grate":8,"minecraft:polished_basalt":7,"minecraft:andesite":90,"minecraft:gold_block":15,"minecraft:chiseled_tuff":4,"minecraft:nether_brick_fence":2,"minecraft:deepslate_iron_ore":38,"minecraft:stone":993,"minecraft:white_wool":2,"minecraft:green_wool":1,"minecraft:oak_slab":1,"minecraft:waxed_exposed_copper_bulb":3,"minecraft:acacia_leaves":6,"minecraft:glass_pane":4,"minecraft:brown_carpet":2,"minecraft:basalt":11,"minecraft:oak_fence":2,"minecraft:crafting_table":10,"minecraft:short_grass":117,"minecraft:sculk_sensor":1,"minecraft:stone_slab":1,"minecraft:copper_ore":1,"minecraft:tall_grass":24,"minecraft:deepslate_gold_ore":1,"minecraft:polished_blackstone_brick_stairs":3,"minecraft:sculk":34,"minecraft:diorite":68,"minecraft:warped_wart_block":2,"minecraft:spruce_stairs":5,"minecraft:gray_wool":3,"minecraft:birch_planks":2,"minecraft:waxed_oxidized_copper_grate":5,"minecraft:spruce_log":2,"minecraft:birch_leaves":2,"minecraft:black_wool":3,"minecraft:coal_ore":159,"minecraft:cherry_leaves":28,"minecraft:gravel":14,"minecraft:dripstone_block":10,"minecraft:cobweb":34,"minecraft:acacia_planks":8,"minecraft:oak_button":1,"minecraft:mossy_stone_bricks":1,"minecraft:gold_ore":1},"minecraft:picked_up":{"minecraft:iron_chestplate":17,"minecraft:nether_brick_fence":2,"minecraft:stone_slab":1,"minecraft:diamond_sword":1,"minecraft:oak_stairs":2,"minecraft:potion":19,"minecraft:enchanted_book":3,"minecraft:gilded_blackstone":1,"minecraft:stone_brick_stairs":2,"minecraft:amethyst_block":15,"minecraft:lapis_block":3,"minecraft:polished_blackstone_brick_stairs":3,"minecraft:string":39,"minecraft:raw_copper":4,"minecraft:iron_leggings":6,"minecraft:netherite_ingot":6,"minecraft:diamond_leggings":2,"minecraft:cobbled_deepslate":475,"minecraft:spruce_planks":10,"minecraft:trial_key":27,"minecraft:calcite":191,"minecraft:iron_pickaxe":24,"minecraft:melon_slice":228,"minecraft:iron_boots":14,"minecraft:furnace":5,"minecraft:tipped_arrow":23,"minecraft:golden_helmet":1,"minecraft:stick":43,"minecraft:oak_fence":1,"minecraft:torch":198,"minecraft:acacia_log":75,"minecraft:spruce_stairs":5,"minecraft:porkchop":65,"minecraft:cherry_log":129,"minecraft:waxed_copper_grate":7,"minecraft:pointed_dripstone":66,"minecraft:diorite":81,"minecraft:warped_planks":51,"minecraft:brown_carpet":6,"minecraft:waxed_cut_copper_stairs":1,"minecraft:stone_sword":9,"minecraft:honey_bottle":7,"minecraft:rotten_flesh":101,"minecraft:polished_basalt":11,"minecraft:iron_block":1,"minecraft:armadillo_scute":3,"minecraft:green_wool":3,"minecraft:blaze_rod":13,"minecraft:obsidian":7,"minecraft:iron_bars":1,"minecraft:blaze_powder":12,"minecraft:cobblestone":1178,"minecraft:birch_log":35,"minecraft:pink_petals":319,"minecraft:leather_chestplate":1,"minecraft:feather":21,"minecraft:cooked_beef":54,"minecraft:water_bucket":2,"minecraft:andesite":95,"minecraft:dark_oak_boat":2,"minecraft:golden_leggings":10,"minecraft:flint":1,"minecraft:tuff":20,"minecraft:magenta_bed":1,"minecraft:lapis_lazuli":22,"minecraft:dirt":51,"minecraft:bone":150,"minecraft:acacia_planks":8,"minecraft:bow":32,"minecraft:wheat_seeds":20,"minecraft:raw_gold":2,"minecraft:bolt_armor_trim_smithing_template":1,"minecraft:guster_banner_pattern":1,"minecraft:mossy_stone_bricks":1,"minecraft:diamond_helmet":3,"minecraft:moss_block":2,"minecraft:oak_planks":75,"minecraft:scrape_pottery_sherd":1,"minecraft:cooked_porkchop":59,"minecraft:warped_wart_block":2,"minecraft:waxed_chiseled_copper":1,"minecraft:sand":14,"minecraft:dark_oak_log":114,"minecraft:mossy_cobblestone":4,"minecraft:dispenser":30,"minecraft:diamond":31,"minecraft:slime_block":1,"minecraft:waxed_oxidized_copper_grate":4,"minecraft:cracked_polished_blackstone_bricks":61,"minecraft:granite":61,"minecraft:breeze_rod":21,"minecraft:golden_apple":2,"minecraft:emerald":46,"minecraft:bread":91,"minecraft:oak_sapling":22,"minecraft:light_gray_carpet":1,"minecraft:netherrack":288,"minecraft:ominous_trial_key":7,"minecraft:crimson_roots":1,"minecraft:diamond_pickaxe":3,"minecraft:cocoa_beans":2,"minecraft:crafting_table":10,"minecraft:ominous_bottle":3,"minecraft:splash_potion":2,"minecraft:chicken":14,"minecraft:brown_mushroom":1,"minecraft:gold_block":13,"minecraft:music_disc_creator":1,"minecraft:brick":4,"minecraft:shield":21,"minecraft:wind_charge":48,"minecraft:iron_axe":1,"minecraft:flint_and_steel":4,"minecraft:white_carpet":11,"minecraft:blackstone":24,"minecraft:beef":7,"minecraft:chiseled_tuff":4,"minecraft:light_gray_wool":51,"minecraft:chest":12,"minecraft:birch_sapling":2,"minecraft:waxed_oxidized_copper":9,"minecraft:egg":3,"minecraft:raw_iron":174,"minecraft:polished_blackstone_bricks":168,"minecraft:flow_pottery_sherd":1,"minecraft:trident":1,"minecraft:carrot":112,"minecraft:redstone":72,"minecraft:dark_oak_planks":57,"minecraft:arrow":335,"minecraft:diamond_chestplate":14,"minecraft:decorated_pot":1,"minecraft:nether_bricks":17,"minecraft:shears":8,"minecraft:diamond_boots":2,"minecraft:flow_armor_trim_smithing_template":1,"minecraft:totem_of_undying":1,"minecraft:tuff_bricks":182,"minecraft:mutton":33,"minecraft:rail":2,"minecraft:white_wool":69,"minecraft:basalt":12,"minecraft:golden_carrot":24,"minecraft:glow_ink_sac":3,"minecraft:crimson_stem":27,"minecraft:leather":12,"minecraft:birch_planks":24,"minecraft:waxed_copper_bulb":2,"minecraft:chainmail_chestplate":1,"minecraft:oak_log":338,"minecraft:waxed_copper_block":24,"minecraft:ancient_debris":1,"minecraft:golden_boots":2,"minecraft:nether_wart_block":1,"minecraft:cooked_mutton":81,"minecraft:red_carpet":30,"minecraft:apple":1,"minecraft:kelp":16,"minecraft:iron_ingot":158,"minecraft:stone_pickaxe":7,"minecraft:cooked_chicken":11,"minecraft:glass_bottle":5,"minecraft:iron_sword":18,"minecraft:acacia_sapling":6,"minecraft:sculk_catalyst":3,"minecraft:smooth_basalt":45,"minecraft:birch_boat":1,"minecraft:dandelion":1,"minecraft:waxed_exposed_copper_bulb":2,"minecraft:dripstone_block":9,"minecraft:gravel":14,"minecraft:white_bed":1,"minecraft:nether_brick_slab":1,"minecraft:mossy_stone_brick_slab":1,"minecraft:polished_tuff":20,"minecraft:diamond_shovel":8,"minecraft:slime_ball":189,"minecraft:stone_axe":6,"minecraft:short_grass":9,"minecraft:iron_helmet":12,"minecraft:diamond_axe":4,"minecraft:cherry_sapling":59,"minecraft:gray_wool":4,"minecraft:warped_roots":1,"minecraft:oak_button":4,"minecraft:baked_potato":43,"minecraft:melon_seeds":1,"minecraft:black_wool":7,"minecraft:coal":166,"minecraft:chiseled_tuff_bricks":14,"minecraft:ender_pearl":2},"minecraft:used":{"minecraft:tuff_bricks":153,"minecraft:chiseled_tuff":1,"minecraft:polished_basalt":3,"minecraft:chest":5,"minecraft:shield":285,"minecraft:iron_sword":272,"minecraft:mossy_stone_brick_slab":1,"minecraft:rotten_flesh":45,"minecraft:iron_chestplate":11,"minecraft:mutton":3,"minecraft:carrot":8,"minecraft:waxed_copper_grate":3,"minecraft:obsidian":8,"minecraft:honey_bottle":10,"minecraft:glass":7,"minecraft:waxed_oxidized_copper":1,"minecraft:birch_sapling":1,"minecraft:iron_helmet":6,"minecraft:waxed_exposed_copper_bulb":2,"minecraft:red_carpet":4,"minecraft:bow":99,"minecraft:furnace":6,"minecraft:egg":1,"minecraft:diorite":10,"minecraft:diamond_boots":1,"minecraft:stone_pickaxe":236,"minecraft:oak_planks":80,"minecraft:blackstone":6,"minecraft:ender_pearl":1,"minecraft:wooden_pickaxe":22,"minecraft:diamond_axe":376,"minecraft:white_wool":4,"minecraft:golden_apple":2,"minecraft:lingering_potion":1,"minecraft:dripstone_block":2,"minecraft:shears":1,"minecraft:polished_tuff":10,"minecraft:melon_slice":59,"minecraft:bread":38,"minecraft:gravel":1,"minecraft:nether_wart_block":1,"minecraft:diamond_sword":538,"minecraft:chainmail_boots":1,"minecraft:andesite":2,"minecraft:oak_boat":1,"minecraft:oak_fence":1,"minecraft:stone_sword":229,"minecraft:flint_and_steel":21,"minecraft:light_gray_carpet":1,"minecraft:trial_key":15,"minecraft:cooked_chicken":23,"minecraft:netherrack":267,"minecraft:torch":18,"minecraft:dirt":23,"minecraft:warped_wart_block":1,"minecraft:white_carpet":3,"minecraft:chainmail_chestplate":1,"minecraft:dark_oak_planks":1,"minecraft:wooden_axe":17,"minecraft:slime_block":2,"minecraft:iron_boots":6,"minecraft:totem_of_undying":1,"minecraft:diamond_chestplate":4,"minecraft:light_gray_wool":6,"minecraft:basalt":5,"minecraft:golden_carrot":3,"minecraft:cooked_beef":15,"minecraft:cobbled_deepslate":220,"minecraft:acacia_planks":30,"minecraft:iron_leggings":2,"minecraft:pointed_dripstone":14,"minecraft:calcite":7,"minecraft:wheat_seeds":1,"minecraft:cooked_mutton":27,"minecraft:acacia_boat":1,"minecraft:water_bucket":226,"minecraft:birch_planks":12,"minecraft:glass_bottle":10,"minecraft:baked_potato":32,"minecraft:birch_boat":1,"minecraft:brown_mushroom":1,"minecraft:waxed_copper_block":14,"minecraft:polished_blackstone_bricks":48,"minecraft:gilded_blackstone":18,"minecraft:crafting_table":21,"minecraft:magenta_bed":1,"minecraft:white_bed":3,"minecraft:wooden_hoe":5,"minecraft:black_wool":1,"minecraft:diamond_pickaxe":648,"minecraft:apple":1,"minecraft:ominous_trial_key":3,"minecraft:diamond_shovel":6,"minecraft:wind_charge":5,"minecraft:cracked_polished_blackstone_bricks":24,"minecraft:chicken":2,"minecraft:iron_pickaxe":2506,"minecraft:golden_leggings":1,"minecraft:stone_axe":34,"minecraft:cobblestone":214,"minecraft:cooked_porkchop":50,"minecraft:potion":11,"minecraft:bucket":228,"minecraft:splash_potion":1,"minecraft:gray_wool":1}},"DataVersion":3953}