{"stats":{"minecraft:custom":{"minecraft:interact_with_crafting_table":60,"minecraft:open_barrel":16,"minecraft:leave_game":6,"minecraft:time_since_death":50075,"minecraft:sprint_one_cm":1124003,"minecraft:damage_blocked_by_shield":4390,"minecraft:drop":123,"minecraft:play_time":444763,"minecraft:deaths":11,"minecraft:jump":6181,"minecraft:interact_with_brewingstand":19,"minecraft:walk_on_water_one_cm":29440,"minecraft:interact_with_furnace":61,"minecraft:sleep_in_bed":10,"minecraft:damage_dealt":17599,"minecraft:crouch_one_cm":76513,"minecraft:inspect_dispenser":11,"minecraft:interact_with_anvil":2,"minecraft:mob_kills":166,"minecraft:climb_one_cm":16998,"minecraft:walk_one_cm":901446,"minecraft:sneak_time":30717,"minecraft:walk_under_water_one_cm":30175,"minecraft:boat_one_cm":81975,"minecraft:total_world_time":444763,"minecraft:time_since_rest":13600,"minecraft:damage_taken":9418,"minecraft:damage_absorbed":40,"minecraft:swim_one_cm":29361,"minecraft:fly_one_cm":872395,"minecraft:open_chest":228,"minecraft:fall_one_cm":162783},"minecraft:crafted":{"minecraft:blaze_powder":4,"minecraft:cooked_chicken":17,"minecraft:glass":7,"minecraft:iron_boots":3,"minecraft:chest":4,"minecraft:golden_boots":1,"minecraft:glass_bottle":3,"minecraft:cooked_porkchop":40,"minecraft:crafting_table":10,"minecraft:wooden_pickaxe":1,"minecraft:iron_helmet":2,"minecraft:birch_planks":16,"minecraft:wooden_hoe":1,"minecraft:iron_chestplate":1,"minecraft:charcoal":7,"minecraft:diamond_pickaxe":1,"minecraft:shield":3,"minecraft:stick":36,"minecraft:iron_ingot":66,"minecraft:iron_pickaxe":7,"minecraft:stone_sword":1,"minecraft:gold_ingot":9,"minecraft:shears":2,"minecraft:furnace":5,"minecraft:stone_pickaxe":3,"minecraft:dark_oak_planks":112,"minecraft:magma_cream":3,"minecraft:cooked_beef":6,"minecraft:iron_sword":2,"minecraft:bucket":1,"minecraft:stone_axe":1,"minecraft:acacia_boat":1,"minecraft:air":0,"minecraft:iron_leggings":2,"minecraft:white_bed":2,"minecraft:acacia_planks":72,"minecraft:torch":20,"minecraft:diamond_chestplate":2},"minecraft:mined":{"minecraft:mossy_stone_brick_slab":2,"minecraft:cherry_log":107,"minecraft:obsidian":7,"minecraft:granite":55,"minecraft:budding_amethyst":2,"minecraft:acacia_log":75,"minecraft:grass_block":8,"minecraft:cracked_polished_blackstone_bricks":68,"minecraft:chiseled_tuff_bricks":15,"minecraft:tuff_bricks":175,"minecraft:gilded_blackstone":1,"minecraft:spawner":1,"minecraft:polished_blackstone_bricks":188,"minecraft:iron_ore":81,"minecraft:cobbled_deepslate":3,"minecraft:fire":17,"minecraft:polished_tuff":24,"minecraft:deepslate_lapis_ore":3,"minecraft:iron_bars":2,"minecraft:waxed_cut_copper_stairs":1,"minecraft:blackstone":28,"minecraft:torch":1,"minecraft:calcite":192,"minecraft:nether_brick_slab":1,"minecraft:cobblestone":17,"minecraft:wall_torch":3,"minecraft:amethyst_block":15,"minecraft:pink_petals":130,"minecraft:waxed_copper_bulb":1,"minecraft:waxed_copper_block":13,"minecraft:stone_brick_stairs":2,"minecraft:waxed_oxidized_copper":5,"minecraft:sand":13,"minecraft:dirt":22,"minecraft:smooth_basalt":46,"minecraft:dispenser":3,"minecraft:netherrack":283,"minecraft:deepslate":103,"minecraft:tuff":14,"minecraft:deepslate_diamond_ore":9,"minecraft:dark_oak_log":28,"minecraft:nether_bricks":18,"minecraft:decorated_pot":2,"minecraft:moss_block":4,"minecraft:redstone_ore":1,"minecraft:waxed_oxidized_cut_copper":2,"minecraft:furnace":5,"minecraft:waxed_copper_grate":5,"minecraft:polished_basalt":7,"minecraft:andesite":71,"minecraft:gold_block":15,"minecraft:chiseled_tuff":4,"minecraft:nether_brick_fence":2,"minecraft:deepslate_iron_ore":28,"minecraft:stone":813,"minecraft:waxed_exposed_copper_bulb":2,"minecraft:acacia_leaves":6,"minecraft:basalt":11,"minecraft:crafting_table":7,"minecraft:short_grass":104,"minecraft:stone_slab":1,"minecraft:tall_grass":22,"minecraft:copper_ore":1,"minecraft:polished_blackstone_brick_stairs":3,"minecraft:diorite":27,"minecraft:warped_wart_block":2,"minecraft:birch_planks":1,"minecraft:waxed_oxidized_copper_grate":4,"minecraft:birch_leaves":2,"minecraft:coal_ore":116,"minecraft:cherry_leaves":28,"minecraft:gravel":5,"minecraft:dripstone_block":1,"minecraft:cobweb":29,"minecraft:acacia_planks":8,"minecraft:oak_button":1,"minecraft:mossy_stone_bricks":1,"minecraft:gold_ore":1},"minecraft:picked_up":{"minecraft:iron_chestplate":6,"minecraft:nether_brick_fence":2,"minecraft:stone_slab":1,"minecraft:potion":2,"minecraft:gilded_blackstone":1,"minecraft:stone_brick_stairs":1,"minecraft:amethyst_block":15,"minecraft:polished_blackstone_brick_stairs":3,"minecraft:string":28,"minecraft:raw_copper":4,"minecraft:iron_leggings":3,"minecraft:netherite_ingot":6,"minecraft:cobbled_deepslate":100,"minecraft:trial_key":12,"minecraft:calcite":190,"minecraft:iron_pickaxe":2,"minecraft:furnace":5,"minecraft:iron_boots":2,"minecraft:tipped_arrow":23,"minecraft:stick":27,"minecraft:torch":8,"minecraft:acacia_log":75,"minecraft:porkchop":52,"minecraft:cherry_log":129,"minecraft:waxed_copper_grate":6,"minecraft:diorite":34,"minecraft:warped_planks":51,"minecraft:waxed_cut_copper_stairs":1,"minecraft:stone_sword":1,"minecraft:honey_bottle":7,"minecraft:rotten_flesh":24,"minecraft:polished_basalt":11,"minecraft:armadillo_scute":1,"minecraft:blaze_rod":13,"minecraft:obsidian":7,"minecraft:cobblestone":872,"minecraft:birch_log":32,"minecraft:pink_petals":315,"minecraft:feather":10,"minecraft:cooked_beef":18,"minecraft:andesite":77,"minecraft:golden_leggings":1,"minecraft:flint":1,"minecraft:tuff":19,"minecraft:magenta_bed":1,"minecraft:lapis_lazuli":22,"minecraft:dirt":37,"minecraft:bone":26,"minecraft:acacia_planks":8,"minecraft:bow":10,"minecraft:wheat_seeds":13,"minecraft:raw_gold":1,"minecraft:bolt_armor_trim_smithing_template":1,"minecraft:guster_banner_pattern":1,"minecraft:mossy_stone_bricks":1,"minecraft:moss_block":2,"minecraft:oak_planks":2,"minecraft:scrape_pottery_sherd":1,"minecraft:cooked_porkchop":42,"minecraft:warped_wart_block":2,"minecraft:sand":13,"minecraft:dark_oak_log":73,"minecraft:mossy_cobblestone":2,"minecraft:dispenser":3,"minecraft:diamond":26,"minecraft:waxed_oxidized_copper_grate":4,"minecraft:cracked_polished_blackstone_bricks":61,"minecraft:granite":59,"minecraft:breeze_rod":7,"minecraft:golden_apple":2,"minecraft:emerald":15,"minecraft:bread":84,"minecraft:oak_sapling":2,"minecraft:netherrack":288,"minecraft:crimson_roots":1,"minecraft:diamond_pickaxe":1,"minecraft:crafting_table":7,"minecraft:ominous_bottle":2,"minecraft:chicken":10,"minecraft:brown_mushroom":1,"minecraft:gold_block":13,"minecraft:brick":4,"minecraft:shield":7,"minecraft:wind_charge":23,"minecraft:flint_and_steel":1,"minecraft:blackstone":24,"minecraft:beef":6,"minecraft:chiseled_tuff":4,"minecraft:waxed_oxidized_copper":5,"minecraft:raw_iron":109,"minecraft:polished_blackstone_bricks":168,"minecraft:flow_pottery_sherd":1,"minecraft:carrot":8,"minecraft:arrow":139,"minecraft:diamond_chestplate":1,"minecraft:decorated_pot":1,"minecraft:nether_bricks":17,"minecraft:tuff_bricks":160,"minecraft:mutton":9,"minecraft:white_wool":7,"minecraft:rail":2,"minecraft:basalt":12,"minecraft:glow_ink_sac":3,"minecraft:crimson_stem":27,"minecraft:leather":6,"minecraft:waxed_copper_bulb":1,"minecraft:oak_log":32,"minecraft:waxed_copper_block":17,"minecraft:ancient_debris":1,"minecraft:golden_boots":1,"minecraft:nether_wart_block":1,"minecraft:cooked_mutton":10,"minecraft:apple":1,"minecraft:iron_ingot":79,"minecraft:stone_pickaxe":1,"minecraft:cooked_chicken":8,"minecraft:iron_sword":3,"minecraft:acacia_sapling":6,"minecraft:smooth_basalt":45,"minecraft:waxed_exposed_copper_bulb":2,"minecraft:dripstone_block":1,"minecraft:gravel":4,"minecraft:nether_brick_slab":1,"minecraft:mossy_stone_brick_slab":1,"minecraft:polished_tuff":16,"minecraft:diamond_shovel":1,"minecraft:slime_ball":40,"minecraft:stone_axe":1,"minecraft:short_grass":1,"minecraft:iron_helmet":2,"minecraft:diamond_axe":1,"minecraft:cherry_sapling":59,"minecraft:warped_roots":1,"minecraft:oak_button":4,"minecraft:baked_potato":10,"minecraft:melon_seeds":1,"minecraft:coal":121,"minecraft:chiseled_tuff_bricks":14,"minecraft:ender_pearl":1},"minecraft:broken":{"minecraft:stone_pickaxe":1,"minecraft:iron_pickaxe":6,"minecraft:iron_helmet":1},"minecraft:killed_by":{"minecraft:magma_cube":1,"minecraft:slime":1,"minecraft:skeleton":8},"minecraft:dropped":{"minecraft:iron_sword":1,"minecraft:ominous_bottle":1,"minecraft:cooked_beef":5,"minecraft:baked_potato":4,"minecraft:glass_bottle":1,"minecraft:netherite_upgrade_smithing_template":1,"minecraft:dirt":11,"minecraft:polished_blackstone_brick_stairs":2,"minecraft:sand":13,"minecraft:gold_ingot":5,"minecraft:gravel":3,"minecraft:waxed_cut_copper_stairs":1,"minecraft:blackstone":1,"minecraft:ancient_debris":1,"minecraft:iron_nugget":3,"minecraft:chiseled_tuff_bricks":14,"minecraft:cobbled_deepslate":28,"minecraft:rotten_flesh":10,"minecraft:diamond_shovel":1,"minecraft:nether_brick_fence":2,"minecraft:honey_bottle":2,"minecraft:waxed_copper_block":3,"minecraft:carrot":7,"minecraft:tipped_arrow":6,"minecraft:melon_seeds":1,"minecraft:acacia_sapling":6,"minecraft:chiseled_tuff":2,"minecraft:warped_wart_block":1,"minecraft:stone_brick_stairs":1,"minecraft:golden_boots":1,"minecraft:iron_ingot":1,"minecraft:bread":50,"minecraft:wheat_seeds":1,"minecraft:dripstone_block":1,"minecraft:feather":2,"minecraft:cobblestone":90,"minecraft:waxed_copper_grate":1,"minecraft:polished_tuff":6,"minecraft:granite":53,"minecraft:stick":3,"minecraft:diorite":17,"minecraft:waxed_copper_bulb":1,"minecraft:waxed_oxidized_copper":4,"minecraft:potion":2,"minecraft:iron_leggings":2,"minecraft:pink_petals":2,"minecraft:acacia_planks":2,"minecraft:smooth_basalt":1,"minecraft:nether_brick_slab":1,"minecraft:tuff_bricks":9,"minecraft:netherite_ingot":4,"minecraft:stone_sword":1,"minecraft:tuff":13,"minecraft:iron_boots":3,"minecraft:stone_slab":1,"minecraft:nether_bricks":16,"minecraft:shield":1,"minecraft:oak_button":4,"minecraft:trial_key":1,"minecraft:diamond_chestplate":1,"minecraft:iron_chestplate":3,"minecraft:andesite":4,"minecraft:mossy_stone_bricks":1,"minecraft:oak_sapling":2,"minecraft:bow":1,"minecraft:stone_pickaxe":2,"minecraft:wooden_pickaxe":1,"minecraft:magma_cream":1,"minecraft:calcite":1,"minecraft:waxed_oxidized_copper_grate":1},"minecraft:killed":{"minecraft:skeleton":29,"minecraft:chicken":10,"minecraft:piglin_brute":4,"minecraft:piglin":7,"minecraft:pig":19,"minecraft:sheep":7,"minecraft:zombie":16,"minecraft:glow_squid":1,"minecraft:cow":4,"minecraft:blaze":16,"minecraft:armadillo":2,"minecraft:slime":47,"minecraft:hoglin":2,"minecraft:breeze":1},"minecraft:used":{"minecraft:tuff_bricks":151,"minecraft:chiseled_tuff":1,"minecraft:polished_basalt":3,"minecraft:chest":4,"minecraft:shield":73,"minecraft:iron_sword":140,"minecraft:mossy_stone_brick_slab":1,"minecraft:rotten_flesh":17,"minecraft:iron_chestplate":3,"minecraft:carrot":1,"minecraft:waxed_copper_grate":3,"minecraft:obsidian":8,"minecraft:honey_bottle":10,"minecraft:iron_helmet":1,"minecraft:waxed_exposed_copper_bulb":2,"minecraft:bow":72,"minecraft:furnace":6,"minecraft:diorite":10,"minecraft:stone_pickaxe":221,"minecraft:blackstone":6,"minecraft:ender_pearl":1,"minecraft:wooden_pickaxe":22,"minecraft:diamond_axe":337,"minecraft:white_wool":1,"minecraft:golden_apple":1,"minecraft:shears":1,"minecraft:polished_tuff":10,"minecraft:bread":25,"minecraft:gravel":1,"minecraft:nether_wart_block":1,"minecraft:andesite":2,"minecraft:stone_sword":162,"minecraft:flint_and_steel":4,"minecraft:netherrack":242,"minecraft:cooked_chicken":18,"minecraft:trial_key":11,"minecraft:torch":16,"minecraft:dirt":15,"minecraft:warped_wart_block":1,"minecraft:wooden_axe":1,"minecraft:iron_boots":2,"minecraft:diamond_chestplate":2,"minecraft:basalt":5,"minecraft:cooked_beef":9,"minecraft:acacia_planks":30,"minecraft:cobbled_deepslate":56,"minecraft:calcite":7,"minecraft:wheat_seeds":1,"minecraft:acacia_boat":1,"minecraft:water_bucket":113,"minecraft:birch_planks":9,"minecraft:glass_bottle":10,"minecraft:baked_potato":7,"minecraft:brown_mushroom":1,"minecraft:waxed_copper_block":14,"minecraft:polished_blackstone_bricks":48,"minecraft:gilded_blackstone":18,"minecraft:crafting_table":15,"minecraft:magenta_bed":1,"minecraft:white_bed":2,"minecraft:wooden_hoe":1,"minecraft:diamond_pickaxe":610,"minecraft:wind_charge":5,"minecraft:cracked_polished_blackstone_bricks":24,"minecraft:iron_pickaxe":1742,"minecraft:golden_leggings":1,"minecraft:stone_axe":25,"minecraft:cobblestone":144,"minecraft:potion":7,"minecraft:cooked_porkchop":43,"minecraft:bucket":114}},"DataVersion":3953}