{"stats":{"minecraft:broken":{"minecraft:stone_pickaxe":2,"minecraft:stone_axe":1},"minecraft:mined":{"minecraft:dark_oak_planks":3,"minecraft:tuff":38,"minecraft:spruce_planks":3,"minecraft:jungle_slab":1,"minecraft:brewing_stand":1,"minecraft:granite":6,"minecraft:grass_block":23,"minecraft:jungle_planks":1,"minecraft:spruce_leaves":20,"minecraft:red_mushroom":2,"minecraft:sandstone":12,"minecraft:hay_block":11,"minecraft:redstone_ore":3,"minecraft:furnace":4,"minecraft:iron_ore":18,"minecraft:fire":4,"minecraft:andesite":34,"minecraft:gold_block":2,"minecraft:deepslate_iron_ore":2,"minecraft:packed_ice":35,"minecraft:stone":181,"minecraft:deepslate_redstone_ore":2,"minecraft:brown_mushroom":3,"minecraft:smoker":3,"minecraft:clay":17,"minecraft:crafting_table":5,"minecraft:jungle_stairs":1,"minecraft:short_grass":3,"minecraft:tall_grass":3,"minecraft:cobblestone":2,"minecraft:deepslate_gold_ore":1,"minecraft:sugar_cane":3,"minecraft:diorite":24,"minecraft:purple_bed":7,"minecraft:wheat":10,"minecraft:ice":2,"minecraft:spruce_log":26,"minecraft:oak_log":45,"minecraft:coal_ore":45,"minecraft:gravel":8,"minecraft:sand":32,"minecraft:dirt":15,"minecraft:oak_leaves":6,"minecraft:deepslate":129,"minecraft:fern":1},"minecraft:killed_by":{"minecraft:polar_bear":1,"minecraft:piglin":1},"minecraft:custom":{"minecraft:mob_kills":79,"minecraft:interact_with_crafting_table":50,"minecraft:leave_game":2,"minecraft:time_since_death":40816,"minecraft:climb_one_cm":891,"minecraft:sprint_one_cm":255912,"minecraft:walk_one_cm":209848,"minecraft:damage_blocked_by_shield":705,"minecraft:drop":29,"minecraft:play_time":120367,"minecraft:deaths":2,"minecraft:sneak_time":3096,"minecraft:walk_under_water_one_cm":42527,"minecraft:boat_one_cm":20490,"minecraft:jump":2483,"minecraft:walk_on_water_one_cm":37519,"minecraft:total_world_time":120367,"minecraft:interact_with_furnace":76,"minecraft:sleep_in_bed":5,"minecraft:time_since_rest":2539,"minecraft:damage_taken":2477,"minecraft:damage_dealt":5358,"minecraft:swim_one_cm":142242,"minecraft:fly_one_cm":614946,"minecraft:open_chest":33,"minecraft:crouch_one_cm":5873,"minecraft:interact_with_smoker":4,"minecraft:fall_one_cm":45632},"minecraft:used":{"minecraft:stone_sword":40,"minecraft:stone_shovel":56,"minecraft:chest":2,"minecraft:spruce_planks":3,"minecraft:shield":9,"minecraft:stone":3,"minecraft:iron_sword":11,"minecraft:cooked_salmon":3,"minecraft:cooked_chicken":1,"minecraft:torch":34,"minecraft:dirt":23,"minecraft:jungle_slab":1,"minecraft:spruce_boat":5,"minecraft:lava_bucket":5,"minecraft:grass_block":9,"minecraft:sweet_berries":16,"minecraft:furnace":7,"minecraft:cooked_cod":3,"minecraft:cooked_beef":7,"minecraft:wheat_seeds":9,"minecraft:water_bucket":11,"minecraft:stone_pickaxe":386,"minecraft:baked_potato":6,"minecraft:wooden_pickaxe":27,"minecraft:sandstone":2,"minecraft:leather_boots":1,"minecraft:sand":13,"minecraft:crafting_table":14,"minecraft:white_bed":1,"minecraft:smoker":2,"minecraft:spruce_log":1,"minecraft:command_block":1,"minecraft:bread":14,"minecraft:suspicious_stew":1,"minecraft:iron_pickaxe":138,"minecraft:stone_axe":156,"minecraft:cobblestone":74,"minecraft:purple_bed":6,"minecraft:bucket":17,"minecraft:pumpkin_pie":1},"minecraft:crafted":{"minecraft:oak_planks":52,"minecraft:stone_shovel":2,"minecraft:cooked_chicken":4,"minecraft:furnace":5,"minecraft:cooked_mutton":13,"minecraft:stone_pickaxe":5,"minecraft:chest":2,"minecraft:spruce_boat":1,"minecraft:cooked_beef":9,"minecraft:cooked_porkchop":8,"minecraft:crafting_table":9,"minecraft:spruce_planks":72,"minecraft:wooden_pickaxe":3,"minecraft:baked_potato":15,"minecraft:iron_sword":2,"minecraft:cooked_salmon":17,"minecraft:bucket":2,"minecraft:stone_axe":3,"minecraft:bread":10,"minecraft:air":0,"minecraft:oak_boat":1,"minecraft:shield":3,"minecraft:stick":48,"minecraft:iron_ingot":12,"minecraft:iron_pickaxe":3,"minecraft:stone_sword":1,"minecraft:gold_ingot":9,"minecraft:white_bed":1,"minecraft:torch":52},"minecraft:dropped":{"minecraft:iron_ingot":6,"minecraft:bread":4,"minecraft:iron_sword":1,"minecraft:wheat_seeds":4,"minecraft:cooked_beef":2,"minecraft:baked_potato":14,"minecraft:coal":15,"minecraft:dirt":8,"minecraft:torch":18,"minecraft:sand":2,"minecraft:iron_pickaxe":1,"minecraft:sweet_berries":11,"minecraft:bowl":2,"minecraft:shield":1,"minecraft:oak_sapling":1,"minecraft:spruce_log":1,"minecraft:sandstone":1,"minecraft:wooden_pickaxe":1},"minecraft:picked_up":{"minecraft:crafting_table":6,"minecraft:wheat":9,"minecraft:chicken":4,"minecraft:clay_ball":68,"minecraft:brown_mushroom":3,"minecraft:wooden_pickaxe":1,"minecraft:gold_block":2,"minecraft:brewing_stand":1,"minecraft:string":4,"minecraft:wooden_sword":1,"minecraft:cobbled_deepslate":122,"minecraft:spruce_planks":2,"minecraft:beef":3,"minecraft:sugar_cane":11,"minecraft:furnace":4,"minecraft:raw_iron":19,"minecraft:stick":2,"minecraft:sandstone":14,"minecraft:torch":1,"minecraft:bowl":1,"minecraft:porkchop":8,"minecraft:diorite":13,"minecraft:redstone":23,"minecraft:dark_oak_planks":2,"minecraft:arrow":4,"minecraft:rotten_flesh":5,"minecraft:jungle_stairs":1,"minecraft:hay_block":11,"minecraft:mutton":13,"minecraft:white_wool":8,"minecraft:cobblestone":198,"minecraft:feather":6,"minecraft:andesite":34,"minecraft:salmon":45,"minecraft:leather":1,"minecraft:smoker":3,"minecraft:red_mushroom":2,"minecraft:flint":3,"minecraft:tuff":34,"minecraft:oak_log":44,"minecraft:dirt":45,"minecraft:bone":1,"minecraft:wheat_seeds":32,"minecraft:raw_gold":1,"minecraft:stone_pickaxe":1,"minecraft:oak_planks":5,"minecraft:sweet_berries":8,"minecraft:gravel":7,"minecraft:sand":31,"minecraft:jungle_planks":1,"minecraft:spruce_log":28,"minecraft:jungle_slab":1,"minecraft:spider_eye":2,"minecraft:purple_bed":7,"minecraft:spruce_boat":5,"minecraft:stone_axe":1,"minecraft:granite":6,"minecraft:bone_meal":2,"minecraft:baked_potato":14,"minecraft:oak_sapling":1,"minecraft:coal":41},"minecraft:killed":{"minecraft:spider":3,"minecraft:skeleton":7,"minecraft:chicken":3,"minecraft:pig":5,"minecraft:salmon":46,"minecraft:polar_bear":2,"minecraft:sheep":8,"minecraft:zombie":2,"minecraft:cow":2}},"DataVersion":3953}