{"stats":{"minecraft:killed":{"minecraft:cave_spider":1,"minecraft:spider":13,"minecraft:cod":3,"minecraft:skeleton":141,"minecraft:chicken":15,"minecraft:silverfish":1,"minecraft:piglin_brute":4,"minecraft:magma_cube":1,"minecraft:piglin":10,"minecraft:pig":45,"minecraft:zombie_villager":2,"minecraft:salmon":20,"minecraft:creeper":7,"minecraft:sheep":41,"minecraft:pillager":1,"minecraft:zombie":101,"minecraft:blaze":17,"minecraft:cow":24,"minecraft:vindicator":5,"minecraft:slime":318,"minecraft:phantom":3,"minecraft:warden":1,"minecraft:hoglin":4,"minecraft:breeze":5,"minecraft:wither_skeleton":5,"minecraft:enderman":9},"minecraft:dropped":{"minecraft:iron_sword":6,"minecraft:soul_sand":24,"minecraft:moss_block":1,"minecraft:brown_mushroom":8,"minecraft:birch_planks":18,"minecraft:ominous_bottle":2,"minecraft:lapis_lazuli":53,"minecraft:cooked_beef":1,"minecraft:oak_log":32,"minecraft:baked_potato":3,"minecraft:diamond":4,"minecraft:glass_bottle":26,"minecraft:decorated_pot":16,"minecraft:crossbow":1,"minecraft:glow_berries":1,"minecraft:leather":1,"minecraft:rail":1,"minecraft:red_carpet":4,"minecraft:red_mushroom":8,"minecraft:emerald":2,"minecraft:dirt":8,"minecraft:scrape_pottery_sherd":1,"minecraft:gilded_blackstone":1,"minecraft:iron_pickaxe":8,"minecraft:dark_oak_planks":7,"minecraft:birch_log":33,"minecraft:dark_oak_boat":1,"minecraft:green_wool":3,"minecraft:bone":4,"minecraft:waxed_cut_copper_slab":1,"minecraft:gravel":1,"minecraft:stone_axe":5,"minecraft:ancient_debris":1,"minecraft:cooked_chicken":8,"minecraft:chiseled_tuff_bricks":1,"minecraft:cobbled_deepslate":87,"minecraft:birch_sapling":2,"minecraft:pointed_dripstone":5,"minecraft:rotten_flesh":31,"minecraft:oak_planks":1,"minecraft:blaze_powder":2,"minecraft:cooked_mutton":12,"minecraft:waxed_copper_block":4,"minecraft:carrot":78,"minecraft:poppy":3,"minecraft:leather_chestplate":1,"minecraft:gunpowder":3,"minecraft:basalt":1,"minecraft:arrow":13,"minecraft:netherrack":64,"minecraft:egg":2,"minecraft:iron_ingot":98,"minecraft:enchanted_book":1,"minecraft:water_bucket":1,"minecraft:bread":106,"minecraft:wheat_seeds":14,"minecraft:lilac":3,"minecraft:mossy_cobblestone":4,"minecraft:diamond_leggings":1,"minecraft:mangrove_propagule":3,"minecraft:oak_fence":1,"minecraft:iron_helmet":1,"minecraft:cobblestone":86,"minecraft:book":1,"minecraft:waxed_copper_grate":1,"minecraft:polished_tuff":6,"minecraft:granite":21,"minecraft:acacia_log":1,"minecraft:grass_block":1,"minecraft:coal":25,"minecraft:stick":13,"minecraft:diorite":8,"minecraft:torch":55,"minecraft:cherry_planks":28,"minecraft:waxed_copper_bulb":3,"minecraft:waxed_oxidized_copper":3,"minecraft:diamond_helmet":1,"minecraft:potion":1,"minecraft:iron_leggings":1,"minecraft:flowering_azalea":1,"minecraft:iron_axe":4,"minecraft:string":7,"minecraft:lily_pad":10,"minecraft:redstone":64,"minecraft:moss_carpet":4,"minecraft:tuff_bricks":42,"minecraft:flow_pottery_sherd":1,"minecraft:netherite_ingot":4,"minecraft:stone_sword":2,"minecraft:blaze_rod":2,"minecraft:raw_copper":9,"minecraft:bowl":4,"minecraft:deepslate":4,"minecraft:tuff":4,"minecraft:white_carpet":1,"minecraft:iron_boots":2,"minecraft:flint_and_steel":1,"minecraft:stone":11,"minecraft:shield":4,"minecraft:oak_button":2,"minecraft:trial_key":6,"minecraft:diamond_chestplate":2,"minecraft:diamond_pickaxe":2,"minecraft:iron_chestplate":7,"minecraft:golden_leggings":1,"minecraft:oak_sapling":5,"minecraft:waxed_oxidized_cut_copper":1,"minecraft:diamond_boots":1,"minecraft:bow":6,"minecraft:stone_pickaxe":7,"minecraft:wooden_pickaxe":2,"minecraft:brick":7,"minecraft:black_wool":1,"minecraft:waxed_oxidized_copper_grate":2},"minecraft:killed_by":{"minecraft:piglin_brute":1,"minecraft:creeper":2,"minecraft:magma_cube":2,"minecraft:vindicator":10,"minecraft:piglin":2,"minecraft:zombie":6,"minecraft:vex":1,"minecraft:player":4,"minecraft:enderman":1,"minecraft:warden":7,"minecraft:hoglin":1,"minecraft:skeleton":10},"minecraft:crafted":{"minecraft:oak_planks":152,"minecraft:dark_oak_boat":2,"minecraft:cooked_chicken":12,"minecraft:blaze_powder":14,"minecraft:birch_boat":1,"minecraft:cooked_mutton":35,"minecraft:glass":38,"minecraft:diamond_helmet":1,"minecraft:bow":5,"minecraft:diamond_leggings":1,"minecraft:iron_boots":3,"minecraft:melon_seeds":1,"minecraft:chest":18,"minecraft:stone_hoe":2,"minecraft:gray_bed":1,"minecraft:golden_boots":1,"minecraft:glass_bottle":36,"minecraft:cooked_porkchop":63,"minecraft:crafting_table":28,"minecraft:wooden_pickaxe":2,"minecraft:iron_helmet":5,"minecraft:brewing_stand":4,"minecraft:birch_planks":204,"minecraft:light_gray_bed":3,"minecraft:dark_oak_slab":6,"minecraft:iron_chestplate":5,"minecraft:book":1,"minecraft:diamond_pickaxe":1,"minecraft:paper":3,"minecraft:golden_leggings":2,"minecraft:charcoal":4,"minecraft:shield":13,"minecraft:stick":440,"minecraft:iron_ingot":322,"minecraft:iron_pickaxe":19,"minecraft:iron_block":3,"minecraft:stone_sword":4,"minecraft:gold_ingot":10,"minecraft:black_bed":1,"minecraft:cherry_planks":16,"minecraft:nether_brick_slab":6,"minecraft:furnace":20,"minecraft:mushroom_stew":12,"minecraft:bone_meal":213,"minecraft:flint_and_steel":1,"minecraft:iron_axe":4,"minecraft:stone_pickaxe":9,"minecraft:diamond_boots":1,"minecraft:dark_oak_planks":208,"minecraft:glistering_melon_slice":1,"minecraft:wheat":351,"minecraft:magma_cream":2,"minecraft:cooked_beef":54,"minecraft:sugar":1,"minecraft:cooked_cod":8,"minecraft:diamond_sword":1,"minecraft:iron_sword":8,"minecraft:bowl":4,"minecraft:cooked_salmon":25,"minecraft:bucket":5,"minecraft:stone_axe":7,"minecraft:air":0,"minecraft:bread":117,"minecraft:oak_boat":1,"minecraft:gold_nugget":9,"minecraft:iron_shovel":2,"minecraft:iron_leggings":3,"minecraft:anvil":1,"minecraft:white_bed":3,"minecraft:acacia_planks":20,"minecraft:torch":1388,"minecraft:diamond_chestplate":1},"minecraft:broken":{"minecraft:golden_helmet":1,"minecraft:iron_boots":1,"minecraft:iron_leggings":1,"minecraft:stone_axe":2,"minecraft:iron_sword":1,"minecraft:stone_hoe":1,"minecraft:shield":4,"minecraft:iron_axe":1,"minecraft:iron_pickaxe":9},"minecraft:custom":{"minecraft:interact_with_crafting_table":211,"minecraft:open_barrel":31,"minecraft:leave_game":6,"minecraft:time_since_death":59381,"minecraft:sprint_one_cm":2842158,"minecraft:damage_blocked_by_shield":19471,"minecraft:drop":281,"minecraft:play_time":939050,"minecraft:deaths":55,"minecraft:jump":22227,"minecraft:interact_with_brewingstand":94,"minecraft:walk_on_water_one_cm":120904,"minecraft:enchant_item":15,"minecraft:interact_with_furnace":357,"minecraft:sleep_in_bed":34,"minecraft:damage_dealt":80102,"minecraft:player_kills":3,"minecraft:crouch_one_cm":88783,"minecraft:inspect_dispenser":4,"minecraft:interact_with_anvil":8,"minecraft:mob_kills":810,"minecraft:climb_one_cm":22659,"minecraft:walk_one_cm":1870858,"minecraft:sneak_time":34189,"minecraft:walk_under_water_one_cm":76059,"minecraft:boat_one_cm":150459,"minecraft:total_world_time":939050,"minecraft:time_since_rest":299,"minecraft:damage_taken":35703,"minecraft:damage_absorbed":40,"minecraft:swim_one_cm":117441,"minecraft:fly_one_cm":3763274,"minecraft:open_chest":633,"minecraft:fall_one_cm":690413},"minecraft:mined":{"minecraft:dark_oak_planks":4,"minecraft:white_bed":6,"minecraft:mossy_stone_brick_slab":1,"minecraft:sculk_vein":4,"minecraft:granite":43,"minecraft:acacia_log":7,"minecraft:grass_block":30,"minecraft:brown_wool":1,"minecraft:cracked_polished_blackstone_bricks":3,"minecraft:light_gray_bed":2,"minecraft:chiseled_tuff_bricks":4,"minecraft:nether_wart":30,"minecraft:tuff_bricks":53,"minecraft:smooth_stone":1,"minecraft:polished_blackstone_bricks":10,"minecraft:tall_seagrass":1,"minecraft:glowstone":6,"minecraft:iron_ore":245,"minecraft:fire":12,"minecraft:cobbled_deepslate":12,"minecraft:polished_tuff":5,"minecraft:deepslate_lapis_ore":16,"minecraft:sculk_shrieker":1,"minecraft:pointed_dripstone":9,"minecraft:cave_vines":2,"minecraft:small_amethyst_bud":1,"minecraft:deepslate_redstone_ore":37,"minecraft:blackstone":1,"minecraft:crimson_nylium":6,"minecraft:amethyst_cluster":1,"minecraft:torch":7,"minecraft:calcite":347,"minecraft:poppy":2,"minecraft:dead_bush":1,"minecraft:nether_brick_slab":1,"minecraft:mushroom_stem":11,"minecraft:nether_quartz_ore":1,"minecraft:cobblestone":87,"minecraft:oak_planks":20,"minecraft:sugar_cane":12,"minecraft:wall_torch":9,"minecraft:amethyst_block":326,"minecraft:deepslate_copper_ore":8,"minecraft:pink_petals":4,"minecraft:seagrass":4,"minecraft:waxed_copper_bulb":1,"minecraft:warped_nylium":3,"minecraft:birch_log":104,"minecraft:wheat":1,"minecraft:lapis_block":2,"minecraft:magenta_bed":1,"minecraft:lilac":3,"minecraft:waxed_copper_block":19,"minecraft:light_gray_wool":10,"minecraft:oak_log":198,"minecraft:waxed_oxidized_copper":7,"minecraft:sand":65,"minecraft:dirt":24,"minecraft:smooth_basalt":11,"minecraft:red_mushroom_block":60,"minecraft:netherrack":545,"minecraft:deepslate":255,"minecraft:oak_leaves":87,"minecraft:tuff":18,"minecraft:red_carpet":4,"minecraft:mossy_cobblestone":1,"minecraft:dark_oak_leaves":4,"minecraft:deepslate_diamond_ore":25,"minecraft:dark_oak_log":46,"minecraft:nether_bricks":5,"minecraft:decorated_pot":18,"minecraft:crimson_roots":1,"minecraft:brown_mushroom_block":45,"minecraft:moss_block":4,"minecraft:hay_block":34,"minecraft:redstone_ore":12,"minecraft:furnace":19,"minecraft:carrots":96,"minecraft:nether_sprouts":1,"minecraft:waxed_copper_grate":1,"minecraft:polished_basalt":4,"minecraft:andesite":44,"minecraft:gold_block":3,"minecraft:potatoes":1,"minecraft:deepslate_iron_ore":98,"minecraft:cobblestone_slab":2,"minecraft:rail":1,"minecraft:stone":677,"minecraft:acacia_leaves":1,"minecraft:soul_sand":30,"minecraft:basalt":2,"minecraft:dandelion":2,"minecraft:crafting_table":7,"minecraft:cornflower":1,"minecraft:short_grass":46,"minecraft:warped_roots":1,"minecraft:sculk_sensor":8,"minecraft:copper_ore":19,"minecraft:tall_grass":9,"minecraft:lapis_ore":21,"minecraft:deepslate_gold_ore":32,"minecraft:polished_blackstone_brick_stairs":3,"minecraft:sculk":154,"minecraft:diorite":23,"minecraft:gray_wool":1,"minecraft:birch_planks":1,"minecraft:waxed_oxidized_copper_grate":4,"minecraft:white_carpet":2,"minecraft:birch_leaves":13,"minecraft:black_wool":4,"minecraft:coal_ore":358,"minecraft:cocoa":1,"minecraft:gravel":23,"minecraft:dripstone_block":29,"minecraft:cobweb":24,"minecraft:gold_ore":6,"minecraft:fern":1},"minecraft:used":{"minecraft:moss_block":3,"minecraft:tuff_bricks":17,"minecraft:iron_shovel":65,"minecraft:chest":23,"minecraft:decorated_pot":2,"minecraft:shield":363,"minecraft:nether_wart":10,"minecraft:iron_sword":905,"minecraft:mossy_stone_brick_slab":1,"minecraft:rotten_flesh":47,"minecraft:iron_chestplate":13,"minecraft:cocoa_beans":1,"minecraft:carrot":134,"minecraft:tuff":4,"minecraft:axolotl_bucket":2,"minecraft:honey_bottle":4,"minecraft:waxed_oxidized_copper":4,"minecraft:lava_bucket":13,"minecraft:iron_helmet":6,"minecraft:warped_nylium":1,"minecraft:dark_oak_slab":6,"minecraft:bow":232,"minecraft:dark_oak_boat":16,"minecraft:hay_block":1,"minecraft:ominous_bottle":3,"minecraft:cooked_cod":8,"minecraft:furnace":41,"minecraft:gray_bed":1,"minecraft:egg":4,"minecraft:potato":1,"minecraft:diorite":35,"minecraft:golden_boots":1,"minecraft:diamond_boots":1,"minecraft:oak_planks":1,"minecraft:stone_pickaxe":171,"minecraft:ender_pearl":1,"minecraft:wooden_pickaxe":6,"minecraft:golden_apple":1,"minecraft:glow_berries":16,"minecraft:mushroom_stew":12,"minecraft:crossbow":6,"minecraft:black_bed":1,"minecraft:dripstone_block":22,"minecraft:polished_tuff":4,"minecraft:melon_slice":29,"minecraft:bread":82,"minecraft:brown_wool":1,"minecraft:gravel":1,"minecraft:golden_helmet":2,"minecraft:chiseled_tuff_bricks":16,"minecraft:diamond_sword":482,"minecraft:andesite":15,"minecraft:birch_log":1,"minecraft:air":1,"minecraft:bone_meal":210,"minecraft:stone_sword":15,"minecraft:flint_and_steel":1,"minecraft:cooked_salmon":22,"minecraft:trial_key":14,"minecraft:stone_hoe":171,"minecraft:cooked_chicken":16,"minecraft:netherrack":312,"minecraft:torch":1476,"minecraft:brewing_stand":4,"minecraft:dirt":15,"minecraft:anvil":1,"minecraft:diamond_helmet":1,"minecraft:nether_brick_slab":8,"minecraft:dark_oak_planks":7,"minecraft:iron_axe":318,"minecraft:iron_boots":9,"minecraft:smooth_basalt":4,"minecraft:diamond_chestplate":4,"minecraft:light_gray_wool":10,"minecraft:golden_carrot":6,"minecraft:light_gray_bed":4,"minecraft:cooked_beef":38,"minecraft:cobbled_deepslate":93,"minecraft:pointed_dripstone":2,"minecraft:iron_leggings":6,"minecraft:calcite":13,"minecraft:cooked_mutton":30,"minecraft:water_bucket":78,"minecraft:birch_planks":2,"minecraft:birch_boat":10,"minecraft:glass_bottle":39,"minecraft:baked_potato":21,"minecraft:cobblestone_slab":1,"minecraft:waxed_copper_block":6,"minecraft:polished_blackstone_bricks":15,"minecraft:crafting_table":38,"minecraft:magenta_bed":1,"minecraft:white_bed":10,"minecraft:oak_log":11,"minecraft:black_wool":1,"minecraft:cornflower":1,"minecraft:diamond_pickaxe":72,"minecraft:ominous_trial_key":3,"minecraft:diamond_shovel":68,"minecraft:wind_charge":21,"minecraft:iron_pickaxe":3269,"minecraft:golden_leggings":1,"minecraft:stone_axe":360,"minecraft:cobblestone":421,"minecraft:potion":18,"minecraft:cooked_porkchop":32,"minecraft:bucket":97,"minecraft:lapis_block":1,"minecraft:diamond_leggings":1,"minecraft:splash_potion":5,"minecraft:gray_wool":1,"minecraft:smooth_stone":1},"minecraft:picked_up":{"minecraft:wooden_axe":3,"minecraft:iron_chestplate":31,"minecraft:diamond_sword":1,"minecraft:enchanted_book":5,"minecraft:potion":28,"minecraft:gilded_blackstone":1,"minecraft:crimson_planks":71,"minecraft:amethyst_block":335,"minecraft:lapis_block":10,"minecraft:polished_blackstone_brick_stairs":3,"minecraft:string":137,"minecraft:waxed_cut_copper_slab":1,"minecraft:raw_copper":98,"minecraft:iron_leggings":20,"minecraft:netherite_ingot":4,"minecraft:diamond_leggings":2,"minecraft:smooth_stone":1,"minecraft:gold_nugget":1,"minecraft:cobbled_deepslate":395,"minecraft:bucket":1,"minecraft:trial_key":58,"minecraft:cobblestone_slab":1,"minecraft:calcite":457,"minecraft:netherite_upgrade_smithing_template":1,"minecraft:iron_pickaxe":38,"minecraft:enchanted_golden_apple":1,"minecraft:melon_slice":29,"minecraft:iron_boots":29,"minecraft:furnace":31,"minecraft:golden_helmet":7,"minecraft:tipped_arrow":44,"minecraft:stick":40,"minecraft:oak_fence":1,"minecraft:torch":590,"minecraft:acacia_log":70,"minecraft:porkchop":114,"minecraft:pointed_dripstone":45,"minecraft:cherry_log":11,"minecraft:waxed_copper_grate":1,"minecraft:diorite":157,"minecraft:warped_planks":51,"minecraft:golden_chestplate":1,"minecraft:brown_carpet":4,"minecraft:stone_sword":2,"minecraft:light_gray_bed":2,"minecraft:honey_bottle":27,"minecraft:rotten_flesh":209,"minecraft:polished_basalt":3,"minecraft:armadillo_scute":1,"minecraft:iron_block":2,"minecraft:green_wool":3,"minecraft:blaze_rod":7,"minecraft:cod":8,"minecraft:blaze_powder":2,"minecraft:cobblestone":1715,"minecraft:birch_log":268,"minecraft:pink_petals":12,"minecraft:leather_chestplate":1,"minecraft:feather":99,"minecraft:lilac":4,"minecraft:cooked_beef":46,"minecraft:magma_cream":1,"minecraft:cherry_planks":76,"minecraft:water_bucket":22,"minecraft:andesite":51,"minecraft:brown_wool":1,"minecraft:dark_oak_boat":17,"minecraft:potato":1,"minecraft:flint":2,"minecraft:tuff":23,"minecraft:magenta_bed":1,"minecraft:lapis_lazuli":709,"minecraft:dirt":75,"minecraft:name_tag":1,"minecraft:bone":511,"minecraft:acacia_planks":29,"minecraft:bow":50,"minecraft:wheat_seeds":23,"minecraft:raw_gold":193,"minecraft:bolt_armor_trim_smithing_template":1,"minecraft:diamond_helmet":2,"minecraft:glowstone_dust":18,"minecraft:moss_block":6,"minecraft:honeycomb":27,"minecraft:stone_hoe":7,"minecraft:oak_planks":102,"minecraft:scrape_pottery_sherd":6,"minecraft:cooked_porkchop":73,"minecraft:sand":77,"minecraft:grass_block":2,"minecraft:dark_oak_log":114,"minecraft:mossy_cobblestone":4,"minecraft:deepslate":4,"minecraft:diamond":113,"minecraft:waxed_oxidized_copper_grate":12,"minecraft:cracked_polished_blackstone_bricks":5,"minecraft:breeze_rod":50,"minecraft:crossbow":2,"minecraft:granite":68,"minecraft:bone_meal":2,"minecraft:golden_apple":1,"minecraft:bread":172,"minecraft:chainmail_helmet":8,"minecraft:emerald":124,"minecraft:music_disc_precipice":1,"minecraft:oak_sapling":15,"minecraft:netherrack":658,"minecraft:ominous_trial_key":3,"minecraft:crimson_roots":1,"minecraft:diamond_pickaxe":5,"minecraft:waxed_oxidized_cut_copper":2,"minecraft:cocoa_beans":15,"minecraft:crafting_table":18,"minecraft:splash_potion":2,"minecraft:chicken":19,"minecraft:ominous_bottle":3,"minecraft:ladder":1,"minecraft:nether_wart":79,"minecraft:leather_leggings":1,"minecraft:brown_mushroom":20,"minecraft:wooden_pickaxe":3,"minecraft:gold_block":3,"minecraft:shield":31,"minecraft:brick":112,"minecraft:wind_charge":121,"minecraft:cornflower":1,"minecraft:moss_carpet":4,"minecraft:iron_axe":10,"minecraft:flint_and_steel":6,"minecraft:white_carpet":8,"minecraft:iron_shovel":6,"minecraft:blackstone":3,"minecraft:deepslate_diamond_ore":3,"minecraft:beef":58,"minecraft:oak_boat":5,"minecraft:poppy":4,"minecraft:light_gray_wool":44,"minecraft:sugar_cane":48,"minecraft:chest":14,"minecraft:birch_sapling":2,"minecraft:egg":13,"minecraft:phantom_membrane":3,"minecraft:waxed_oxidized_copper":7,"minecraft:dark_oak_sapling":1,"minecraft:raw_iron":563,"minecraft:stone":11,"minecraft:bowl":2,"minecraft:fire_charge":14,"minecraft:polished_blackstone_bricks":88,"minecraft:flow_pottery_sherd":2,"minecraft:carrot":439,"minecraft:redstone":659,"minecraft:dark_oak_planks":123,"minecraft:arrow":1179,"minecraft:diamond_chestplate":5,"minecraft:decorated_pot":62,"minecraft:nether_bricks":6,"minecraft:diamond_boots":2,"minecraft:hay_block":34,"minecraft:gold_ingot":5,"minecraft:flow_armor_trim_smithing_template":1,"minecraft:tuff_bricks":104,"minecraft:glow_berries":17,"minecraft:mutton":69,"minecraft:white_wool":78,"minecraft:rail":5,"minecraft:basalt":4,"minecraft:golden_carrot":22,"minecraft:glow_ink_sac":31,"minecraft:salmon":43,"minecraft:leather":49,"minecraft:red_mushroom":20,"minecraft:birch_planks":54,"minecraft:waxed_copper_bulb":4,"minecraft:waxed_copper_block":30,"minecraft:oak_log":438,"minecraft:chainmail_chestplate":1,"minecraft:lily_pad":22,"minecraft:ancient_debris":1,"minecraft:golden_boots":2,"minecraft:gunpowder":18,"minecraft:cooked_mutton":88,"minecraft:red_carpet":16,"minecraft:apple":6,"minecraft:iron_ingot":289,"minecraft:stone_pickaxe":19,"minecraft:cooked_chicken":43,"minecraft:glass_bottle":19,"minecraft:flowering_azalea":1,"minecraft:iron_sword":40,"minecraft:soul_sand":54,"minecraft:sculk_catalyst":15,"minecraft:smooth_basalt":54,"minecraft:birch_boat":10,"minecraft:dandelion":2,"minecraft:quartz":1,"minecraft:dripstone_block":152,"minecraft:gravel":39,"minecraft:amethyst_shard":4,"minecraft:white_bed":6,"minecraft:nether_brick_slab":2,"minecraft:mossy_stone_brick_slab":1,"minecraft:spider_eye":11,"minecraft:polished_tuff":18,"minecraft:diamond_shovel":16,"minecraft:slime_ball":386,"minecraft:stone_axe":16,"minecraft:short_grass":2,"minecraft:iron_helmet":17,"minecraft:diamond_axe":1,"minecraft:cherry_sapling":3,"minecraft:gray_wool":15,"minecraft:warped_roots":1,"minecraft:oak_button":2,"minecraft:baked_potato":41,"minecraft:black_wool":22,"minecraft:warped_nylium":1,"minecraft:coal":520,"minecraft:mangrove_propagule":4,"minecraft:chiseled_tuff_bricks":23,"minecraft:ender_pearl":9}},"DataVersion":3953}