{"stats":{"minecraft:custom":{"minecraft:interact_with_crafting_table":128,"minecraft:open_barrel":30,"minecraft:leave_game":3,"minecraft:time_since_death":26902,"minecraft:sprint_one_cm":1800734,"minecraft:damage_blocked_by_shield":10262,"minecraft:drop":175,"minecraft:play_time":557638,"minecraft:deaths":25,"minecraft:jump":13106,"minecraft:interact_with_brewingstand":15,"minecraft:walk_on_water_one_cm":55845,"minecraft:enchant_item":10,"minecraft:interact_with_furnace":212,"minecraft:sleep_in_bed":20,"minecraft:damage_dealt":36767,"minecraft:player_kills":3,"minecraft:crouch_one_cm":54666,"minecraft:inspect_dispenser":4,"minecraft:interact_with_anvil":5,"minecraft:mob_kills":366,"minecraft:climb_one_cm":18475,"minecraft:walk_one_cm":1090604,"minecraft:sneak_time":20678,"minecraft:walk_under_water_one_cm":29816,"minecraft:boat_one_cm":112205,"minecraft:total_world_time":557638,"minecraft:time_since_rest":14027,"minecraft:damage_taken":17077,"minecraft:damage_absorbed":40,"minecraft:swim_one_cm":50652,"minecraft:fly_one_cm":2253015,"minecraft:open_chest":389,"minecraft:fall_one_cm":391027},"minecraft:crafted":{"minecraft:oak_planks":92,"minecraft:dark_oak_boat":1,"minecraft:blaze_powder":2,"minecraft:cooked_chicken":4,"minecraft:birch_boat":1,"minecraft:cooked_mutton":7,"minecraft:glass":6,"minecraft:bow":2,"minecraft:iron_boots":2,"minecraft:melon_seeds":1,"minecraft:chest":14,"minecraft:golden_boots":1,"minecraft:glass_bottle":3,"minecraft:cooked_porkchop":25,"minecraft:crafting_table":17,"minecraft:wooden_pickaxe":1,"minecraft:iron_helmet":3,"minecraft:brewing_stand":1,"minecraft:birch_planks":104,"minecraft:golden_leggings":2,"minecraft:book":1,"minecraft:iron_chestplate":3,"minecraft:paper":3,"minecraft:charcoal":4,"minecraft:shield":6,"minecraft:stick":256,"minecraft:iron_ingot":204,"minecraft:iron_pickaxe":14,"minecraft:iron_block":3,"minecraft:stone_sword":4,"minecraft:nether_brick_slab":6,"minecraft:furnace":12,"minecraft:mushroom_stew":12,"minecraft:bone_meal":105,"minecraft:flint_and_steel":1,"minecraft:iron_axe":3,"minecraft:stone_pickaxe":4,"minecraft:dark_oak_planks":160,"minecraft:glistering_melon_slice":1,"minecraft:wheat":351,"minecraft:cooked_beef":20,"minecraft:cooked_cod":8,"minecraft:iron_sword":4,"minecraft:bowl":4,"minecraft:cooked_salmon":20,"minecraft:bucket":4,"minecraft:stone_axe":5,"minecraft:bread":117,"minecraft:air":0,"minecraft:oak_boat":1,"minecraft:gold_nugget":9,"minecraft:iron_shovel":2,"minecraft:iron_leggings":2,"minecraft:anvil":1,"minecraft:white_bed":2,"minecraft:acacia_planks":20,"minecraft:torch":740},"minecraft:mined":{"minecraft:white_bed":6,"minecraft:mossy_stone_brick_slab":1,"minecraft:granite":22,"minecraft:acacia_log":7,"minecraft:grass_block":24,"minecraft:cracked_polished_blackstone_bricks":3,"minecraft:chiseled_tuff_bricks":4,"minecraft:nether_wart":26,"minecraft:tuff_bricks":48,"minecraft:polished_blackstone_bricks":10,"minecraft:smooth_stone":1,"minecraft:glowstone":6,"minecraft:fire":7,"minecraft:iron_ore":187,"minecraft:cobbled_deepslate":4,"minecraft:polished_tuff":5,"minecraft:deepslate_lapis_ore":7,"minecraft:pointed_dripstone":2,"minecraft:cave_vines":2,"minecraft:small_amethyst_bud":1,"minecraft:deepslate_redstone_ore":7,"minecraft:blackstone":1,"minecraft:crimson_nylium":6,"minecraft:amethyst_cluster":1,"minecraft:torch":1,"minecraft:calcite":347,"minecraft:poppy":1,"minecraft:dead_bush":1,"minecraft:nether_brick_slab":1,"minecraft:mushroom_stem":11,"minecraft:nether_quartz_ore":1,"minecraft:cobblestone":35,"minecraft:sugar_cane":4,"minecraft:oak_planks":20,"minecraft:wall_torch":8,"minecraft:amethyst_block":326,"minecraft:deepslate_copper_ore":8,"minecraft:pink_petals":1,"minecraft:seagrass":2,"minecraft:waxed_copper_bulb":1,"minecraft:warped_nylium":3,"minecraft:birch_log":78,"minecraft:wheat":1,"minecraft:lilac":3,"minecraft:waxed_copper_block":15,"minecraft:oak_log":169,"minecraft:waxed_oxidized_copper":7,"minecraft:dirt":19,"minecraft:smooth_basalt":11,"minecraft:red_mushroom_block":60,"minecraft:netherrack":541,"minecraft:oak_leaves":74,"minecraft:deepslate":211,"minecraft:tuff":13,"minecraft:mossy_cobblestone":1,"minecraft:deepslate_diamond_ore":8,"minecraft:dark_oak_log":34,"minecraft:nether_bricks":5,"minecraft:decorated_pot":18,"minecraft:crimson_roots":1,"minecraft:brown_mushroom_block":45,"minecraft:moss_block":4,"minecraft:hay_block":34,"minecraft:redstone_ore":12,"minecraft:furnace":10,"minecraft:carrots":53,"minecraft:polished_basalt":4,"minecraft:waxed_copper_grate":1,"minecraft:nether_sprouts":1,"minecraft:andesite":41,"minecraft:gold_block":3,"minecraft:potatoes":1,"minecraft:deepslate_iron_ore":76,"minecraft:rail":1,"minecraft:stone":583,"minecraft:acacia_leaves":1,"minecraft:soul_sand":30,"minecraft:basalt":2,"minecraft:crafting_table":5,"minecraft:cornflower":1,"minecraft:short_grass":30,"minecraft:warped_roots":1,"minecraft:tall_grass":8,"minecraft:copper_ore":19,"minecraft:deepslate_gold_ore":10,"minecraft:lapis_ore":20,"minecraft:polished_blackstone_brick_stairs":3,"minecraft:diorite":22,"minecraft:birch_leaves":13,"minecraft:coal_ore":199,"minecraft:gravel":22,"minecraft:cobweb":4,"minecraft:gold_ore":6},"minecraft:picked_up":{"minecraft:wooden_axe":3,"minecraft:iron_chestplate":15,"minecraft:potion":11,"minecraft:enchanted_book":5,"minecraft:gilded_blackstone":1,"minecraft:crimson_planks":71,"minecraft:amethyst_block":335,"minecraft:polished_blackstone_brick_stairs":3,"minecraft:string":52,"minecraft:raw_copper":98,"minecraft:iron_leggings":15,"minecraft:netherite_ingot":4,"minecraft:gold_nugget":1,"minecraft:cobbled_deepslate":280,"minecraft:smooth_stone":1,"minecraft:bucket":1,"minecraft:trial_key":49,"minecraft:calcite":457,"minecraft:netherite_upgrade_smithing_template":1,"minecraft:iron_pickaxe":16,"minecraft:iron_boots":16,"minecraft:furnace":13,"minecraft:tipped_arrow":13,"minecraft:stick":23,"minecraft:torch":150,"minecraft:acacia_log":70,"minecraft:porkchop":54,"minecraft:cherry_log":11,"minecraft:pointed_dripstone":8,"minecraft:diorite":153,"minecraft:warped_planks":51,"minecraft:golden_chestplate":1,"minecraft:stone_sword":2,"minecraft:honey_bottle":26,"minecraft:rotten_flesh":88,"minecraft:polished_basalt":3,"minecraft:blaze_rod":5,"minecraft:cod":8,"minecraft:cobblestone":1304,"minecraft:birch_log":167,"minecraft:pink_petals":6,"minecraft:magma_cream":1,"minecraft:cooked_beef":6,"minecraft:feather":43,"minecraft:lilac":4,"minecraft:water_bucket":15,"minecraft:andesite":48,"minecraft:dark_oak_boat":12,"minecraft:potato":1,"minecraft:flint":2,"minecraft:tuff":19,"minecraft:lapis_lazuli":188,"minecraft:dirt":63,"minecraft:name_tag":1,"minecraft:bone":260,"minecraft:acacia_planks":29,"minecraft:bow":36,"minecraft:wheat_seeds":18,"minecraft:raw_gold":17,"minecraft:glowstone_dust":18,"minecraft:moss_block":6,"minecraft:scrape_pottery_sherd":6,"minecraft:oak_planks":81,"minecraft:honeycomb":27,"minecraft:sand":13,"minecraft:grass_block":2,"minecraft:dark_oak_log":90,"minecraft:mossy_cobblestone":2,"minecraft:diamond":10,"minecraft:waxed_oxidized_copper_grate":10,"minecraft:cracked_polished_blackstone_bricks":5,"minecraft:granite":27,"minecraft:crossbow":2,"minecraft:breeze_rod":47,"minecraft:bone_meal":2,"minecraft:golden_apple":1,"minecraft:emerald":81,"minecraft:chainmail_helmet":8,"minecraft:bread":172,"minecraft:music_disc_precipice":1,"minecraft:oak_sapling":14,"minecraft:netherrack":574,"minecraft:crimson_roots":1,"minecraft:diamond_pickaxe":2,"minecraft:waxed_oxidized_cut_copper":1,"minecraft:crafting_table":16,"minecraft:ominous_bottle":2,"minecraft:splash_potion":2,"minecraft:chicken":7,"minecraft:nether_wart":44,"minecraft:brown_mushroom":20,"minecraft:wooden_pickaxe":1,"minecraft:gold_block":3,"minecraft:brick":112,"minecraft:shield":22,"minecraft:wind_charge":121,"minecraft:cornflower":1,"minecraft:moss_carpet":4,"minecraft:iron_axe":10,"minecraft:blackstone":3,"minecraft:iron_shovel":6,"minecraft:beef":27,"minecraft:oak_boat":5,"minecraft:poppy":2,"minecraft:sugar_cane":30,"minecraft:chest":2,"minecraft:birch_sapling":2,"minecraft:phantom_membrane":1,"minecraft:waxed_oxidized_copper":7,"minecraft:egg":3,"minecraft:raw_iron":386,"minecraft:bowl":2,"minecraft:fire_charge":14,"minecraft:polished_blackstone_bricks":88,"minecraft:flow_pottery_sherd":2,"minecraft:carrot":220,"minecraft:redstone":82,"minecraft:dark_oak_planks":102,"minecraft:diamond_chestplate":2,"minecraft:arrow":873,"minecraft:decorated_pot":62,"minecraft:nether_bricks":6,"minecraft:hay_block":34,"minecraft:gold_ingot":5,"minecraft:tuff_bricks":90,"minecraft:glow_berries":17,"minecraft:mutton":17,"minecraft:white_wool":13,"minecraft:rail":5,"minecraft:basalt":4,"minecraft:golden_carrot":19,"minecraft:glow_ink_sac":3,"minecraft:salmon":38,"minecraft:leather":18,"minecraft:red_mushroom":20,"minecraft:birch_planks":35,"minecraft:waxed_copper_bulb":4,"minecraft:lily_pad":22,"minecraft:oak_log":168,"minecraft:waxed_copper_block":29,"minecraft:ancient_debris":1,"minecraft:golden_boots":2,"minecraft:gunpowder":15,"minecraft:cooked_mutton":11,"minecraft:apple":6,"minecraft:iron_ingot":200,"minecraft:stone_pickaxe":9,"minecraft:cooked_chicken":32,"minecraft:glass_bottle":5,"minecraft:soul_sand":30,"minecraft:flowering_azalea":1,"minecraft:iron_sword":18,"minecraft:smooth_basalt":54,"minecraft:birch_boat":10,"minecraft:quartz":1,"minecraft:gravel":38,"minecraft:amethyst_shard":4,"minecraft:white_bed":6,"minecraft:nether_brick_slab":2,"minecraft:mossy_stone_brick_slab":1,"minecraft:polished_tuff":18,"minecraft:spider_eye":1,"minecraft:diamond_shovel":1,"minecraft:slime_ball":221,"minecraft:stone_axe":7,"minecraft:iron_helmet":12,"minecraft:cherry_sapling":3,"minecraft:warped_roots":1,"minecraft:oak_button":2,"minecraft:baked_potato":20,"minecraft:warped_nylium":1,"minecraft:mangrove_propagule":2,"minecraft:coal":230,"minecraft:chiseled_tuff_bricks":21,"minecraft:ender_pearl":8},"minecraft:broken":{"minecraft:stone_axe":1,"minecraft:iron_sword":1,"minecraft:shield":2,"minecraft:iron_axe":1,"minecraft:iron_pickaxe":9},"minecraft:killed_by":{"minecraft:piglin_brute":1,"minecraft:creeper":1,"minecraft:magma_cube":2,"minecraft:piglin":2,"minecraft:zombie":3,"minecraft:player":2,"minecraft:enderman":1,"minecraft:hoglin":1,"minecraft:skeleton":7},"minecraft:dropped":{"minecraft:iron_sword":3,"minecraft:moss_block":1,"minecraft:brown_mushroom":8,"minecraft:birch_planks":18,"minecraft:ominous_bottle":2,"minecraft:cooked_beef":1,"minecraft:oak_log":32,"minecraft:baked_potato":3,"minecraft:diamond":1,"minecraft:glass_bottle":6,"minecraft:decorated_pot":16,"minecraft:crossbow":1,"minecraft:glow_berries":1,"minecraft:rail":1,"minecraft:red_mushroom":8,"minecraft:dirt":8,"minecraft:scrape_pottery_sherd":1,"minecraft:gilded_blackstone":1,"minecraft:iron_pickaxe":3,"minecraft:dark_oak_planks":4,"minecraft:birch_log":33,"minecraft:dark_oak_boat":1,"minecraft:stone_axe":2,"minecraft:ancient_debris":1,"minecraft:cooked_chicken":7,"minecraft:cobbled_deepslate":64,"minecraft:birch_sapling":2,"minecraft:pointed_dripstone":4,"minecraft:rotten_flesh":25,"minecraft:cooked_mutton":6,"minecraft:waxed_copper_block":3,"minecraft:poppy":2,"minecraft:gunpowder":3,"minecraft:basalt":1,"minecraft:arrow":12,"minecraft:netherrack":64,"minecraft:egg":1,"minecraft:water_bucket":1,"minecraft:bread":106,"minecraft:iron_ingot":79,"minecraft:wheat_seeds":14,"minecraft:lilac":3,"minecraft:mossy_cobblestone":2,"minecraft:mangrove_propagule":1,"minecraft:iron_helmet":1,"minecraft:cobblestone":56,"minecraft:book":1,"minecraft:polished_tuff":6,"minecraft:granite":4,"minecraft:acacia_log":1,"minecraft:grass_block":1,"minecraft:coal":25,"minecraft:stick":13,"minecraft:diorite":8,"minecraft:torch":1,"minecraft:waxed_copper_bulb":3,"minecraft:waxed_oxidized_copper":3,"minecraft:iron_leggings":1,"minecraft:flowering_azalea":1,"minecraft:iron_axe":4,"minecraft:string":4,"minecraft:lily_pad":10,"minecraft:moss_carpet":4,"minecraft:tuff_bricks":31,"minecraft:flow_pottery_sherd":1,"minecraft:netherite_ingot":4,"minecraft:stone_sword":2,"minecraft:raw_copper":9,"minecraft:bowl":4,"minecraft:tuff":3,"minecraft:iron_boots":2,"minecraft:shield":3,"minecraft:oak_button":2,"minecraft:trial_key":4,"minecraft:diamond_pickaxe":1,"minecraft:iron_chestplate":2,"minecraft:golden_leggings":1,"minecraft:oak_sapling":5,"minecraft:waxed_oxidized_cut_copper":1,"minecraft:bow":2,"minecraft:stone_pickaxe":4,"minecraft:brick":7},"minecraft:killed":{"minecraft:spider":6,"minecraft:cod":3,"minecraft:skeleton":70,"minecraft:chicken":5,"minecraft:piglin_brute":4,"minecraft:magma_cube":1,"minecraft:piglin":10,"minecraft:pig":22,"minecraft:salmon":14,"minecraft:creeper":2,"minecraft:sheep":16,"minecraft:zombie":48,"minecraft:blaze":17,"minecraft:cow":14,"minecraft:slime":108,"minecraft:phantom":1,"minecraft:hoglin":4,"minecraft:breeze":3,"minecraft:wither_skeleton":5,"minecraft:enderman":7},"minecraft:used":{"minecraft:moss_block":3,"minecraft:tuff_bricks":16,"minecraft:iron_shovel":65,"minecraft:decorated_pot":2,"minecraft:chest":15,"minecraft:shield":194,"minecraft:iron_sword":663,"minecraft:mossy_stone_brick_slab":1,"minecraft:rotten_flesh":23,"minecraft:iron_chestplate":5,"minecraft:carrot":59,"minecraft:tuff":1,"minecraft:axolotl_bucket":2,"minecraft:honey_bottle":4,"minecraft:waxed_oxidized_copper":4,"minecraft:lava_bucket":13,"minecraft:warped_nylium":1,"minecraft:iron_helmet":3,"minecraft:bow":199,"minecraft:dark_oak_boat":11,"minecraft:hay_block":1,"minecraft:furnace":23,"minecraft:cooked_cod":8,"minecraft:egg":4,"minecraft:potato":1,"minecraft:golden_boots":1,"minecraft:diorite":34,"minecraft:stone_pickaxe":57,"minecraft:oak_planks":1,"minecraft:ender_pearl":1,"minecraft:wooden_pickaxe":3,"minecraft:golden_apple":1,"minecraft:glow_berries":16,"minecraft:mushroom_stew":12,"minecraft:crossbow":6,"minecraft:polished_tuff":4,"minecraft:bread":82,"minecraft:gravel":1,"minecraft:chiseled_tuff_bricks":15,"minecraft:andesite":15,"minecraft:bone_meal":105,"minecraft:stone_sword":15,"minecraft:flint_and_steel":1,"minecraft:netherrack":301,"minecraft:cooked_salmon":17,"minecraft:cooked_chicken":9,"minecraft:trial_key":11,"minecraft:torch":789,"minecraft:brewing_stand":1,"minecraft:dirt":5,"minecraft:anvil":1,"minecraft:nether_brick_slab":8,"minecraft:iron_axe":286,"minecraft:iron_boots":5,"minecraft:smooth_basalt":4,"minecraft:diamond_chestplate":1,"minecraft:golden_carrot":3,"minecraft:cooked_beef":17,"minecraft:cobbled_deepslate":47,"minecraft:iron_leggings":2,"minecraft:calcite":13,"minecraft:cooked_mutton":2,"minecraft:water_bucket":63,"minecraft:glass_bottle":5,"minecraft:baked_potato":11,"minecraft:birch_boat":10,"minecraft:waxed_copper_block":6,"minecraft:polished_blackstone_bricks":15,"minecraft:crafting_table":25,"minecraft:white_bed":8,"minecraft:oak_log":5,"minecraft:cornflower":1,"minecraft:diamond_pickaxe":6,"minecraft:diamond_shovel":2,"minecraft:wind_charge":21,"minecraft:iron_pickaxe":2826,"minecraft:golden_leggings":1,"minecraft:stone_axe":253,"minecraft:cobblestone":288,"minecraft:potion":9,"minecraft:cooked_porkchop":16,"minecraft:bucket":82,"minecraft:splash_potion":2,"minecraft:smooth_stone":1}},"DataVersion":3953}