{"stats":{"minecraft:used":{"minecraft:command_block":1,"minecraft:crafting_table":1,"minecraft:grass_block":7,"minecraft:wooden_pickaxe":3,"minecraft:stone":3},"minecraft:crafted":{"minecraft:crafting_table":1,"minecraft:spruce_planks":12,"minecraft:stick":4,"minecraft:wooden_pickaxe":1,"minecraft:stone_pickaxe":1},"minecraft:mined":{"minecraft:grass_block":13,"minecraft:spruce_log":3,"minecraft:stone":3},"minecraft:picked_up":{"minecraft:wooden_pickaxe":1,"minecraft:spruce_log":3,"minecraft:cobblestone":3,"minecraft:dirt":17},"minecraft:dropped":{"minecraft:dirt":4,"minecraft:wooden_pickaxe":1},"minecraft:custom":{"minecraft:time_since_rest":8247,"minecraft:crouch_one_cm":33,"minecraft:sprint_one_cm":1610,"minecraft:play_time":8247,"minecraft:walk_one_cm":8394,"minecraft:sneak_time":6,"minecraft:drop":5,"minecraft:jump":21,"minecraft:leave_game":1,"minecraft:time_since_death":8247,"minecraft:total_world_time":8247,"minecraft:fall_one_cm":209,"minecraft:interact_with_crafting_table":3,"minecraft:fly_one_cm":815}},"DataVersion":3953}