{"stats":{"minecraft:custom":{"minecraft:interact_with_crafting_table":137,"minecraft:open_barrel":16,"minecraft:leave_game":8,"minecraft:time_since_death":1922,"minecraft:sprint_one_cm":2994862,"minecraft:damage_blocked_by_shield":18689,"minecraft:drop":147,"minecraft:talked_to_villager":58,"minecraft:play_time":781671,"minecraft:deaths":28,"minecraft:jump":19470,"minecraft:interact_with_brewingstand":43,"minecraft:walk_on_water_one_cm":62520,"minecraft:enchant_item":22,"minecraft:interact_with_furnace":336,"minecraft:traded_with_villager":21,"minecraft:sleep_in_bed":22,"minecraft:damage_dealt":67422,"minecraft:player_kills":3,"minecraft:crouch_one_cm":58716,"minecraft:inspect_dispenser":13,"minecraft:interact_with_anvil":15,"minecraft:mob_kills":636,"minecraft:climb_one_cm":16288,"minecraft:walk_one_cm":1706648,"minecraft:sneak_time":19121,"minecraft:walk_under_water_one_cm":64076,"minecraft:boat_one_cm":89980,"minecraft:total_world_time":781671,"minecraft:time_since_rest":1953,"minecraft:damage_taken":22288,"minecraft:swim_one_cm":167026,"minecraft:fly_one_cm":3966008,"minecraft:open_chest":488,"minecraft:fall_one_cm":602503},"minecraft:crafted":{"minecraft:oak_planks":224,"minecraft:cooked_chicken":27,"minecraft:cherry_boat":1,"minecraft:diamond_shovel":1,"minecraft:bookshelf":2,"minecraft:cooked_mutton":116,"minecraft:warped_planks":60,"minecraft:diamond_helmet":1,"minecraft:bow":1,"minecraft:diamond_leggings":1,"minecraft:iron_boots":2,"minecraft:chest":5,"minecraft:golden_boots":1,"minecraft:oak_slab":6,"minecraft:emerald":16,"minecraft:arrow":88,"minecraft:cauldron":2,"minecraft:cooked_porkchop":78,"minecraft:crafting_table":8,"minecraft:wooden_pickaxe":1,"minecraft:iron_helmet":5,"minecraft:fletching_table":1,"minecraft:birch_planks":248,"minecraft:lectern":1,"minecraft:diamond_pickaxe":2,"minecraft:iron_chestplate":4,"minecraft:book":10,"minecraft:paper":27,"minecraft:charcoal":34,"minecraft:shield":7,"minecraft:stick":812,"minecraft:iron_ingot":187,"minecraft:iron_pickaxe":4,"minecraft:gold_ingot":90,"minecraft:golden_carrot":21,"minecraft:cherry_planks":192,"minecraft:furnace":9,"minecraft:mushroom_stew":8,"minecraft:bone_meal":6,"minecraft:iron_axe":2,"minecraft:stone_pickaxe":1,"minecraft:glistering_melon_slice":22,"minecraft:wheat":27,"minecraft:cooked_beef":47,"minecraft:crimson_planks":92,"minecraft:diamond_sword":1,"minecraft:enchanting_table":1,"minecraft:iron_sword":4,"minecraft:cooked_salmon":42,"minecraft:bucket":4,"minecraft:stone_axe":1,"minecraft:enchanted_book":1,"minecraft:bread":10,"minecraft:air":0,"minecraft:oak_boat":1,"minecraft:golden_apple":1,"minecraft:gold_nugget":423,"minecraft:wooden_axe":2,"minecraft:iron_shovel":2,"minecraft:iron_leggings":5,"minecraft:white_bed":6,"minecraft:torch":600,"minecraft:diamond_chestplate":1,"minecraft:golden_hoe":1},"minecraft:mined":{"minecraft:waxed_cut_copper_slab":1,"minecraft:white_bed":9,"minecraft:obsidian":18,"minecraft:cave_vines_plant":5,"minecraft:granite":40,"minecraft:acacia_log":5,"minecraft:grass_block":54,"minecraft:cracked_polished_blackstone_bricks":5,"minecraft:chiseled_tuff_bricks":2,"minecraft:tuff_bricks":18,"minecraft:spawner":1,"minecraft:polished_blackstone_bricks":6,"minecraft:fire":2,"minecraft:iron_ore":175,"minecraft:cobbled_deepslate":3,"minecraft:fletching_table":2,"minecraft:pointed_dripstone":3,"minecraft:cave_vines":2,"minecraft:dirt_path":24,"minecraft:blackstone":2,"minecraft:torch":11,"minecraft:poppy":1,"minecraft:melon":11,"minecraft:chest":1,"minecraft:cobblestone":16,"minecraft:oak_planks":1,"minecraft:sugar_cane":11,"minecraft:wall_torch":13,"minecraft:pink_petals":14,"minecraft:waxed_copper_bulb":1,"minecraft:nether_wart_block":1,"minecraft:birch_log":104,"minecraft:wheat":11,"minecraft:magenta_bed":1,"minecraft:lilac":1,"minecraft:waxed_copper_block":6,"minecraft:oak_log":155,"minecraft:waxed_oxidized_copper":1,"minecraft:sand":28,"minecraft:dirt":143,"minecraft:smooth_basalt":3,"minecraft:stonecutter":1,"minecraft:netherrack":5,"minecraft:oak_leaves":14,"minecraft:deepslate":310,"minecraft:tuff":40,"minecraft:mossy_cobblestone":1,"minecraft:deepslate_diamond_ore":46,"minecraft:dark_oak_log":7,"minecraft:glow_lichen":1,"minecraft:nether_bricks":1,"minecraft:decorated_pot":22,"minecraft:crimson_roots":2,"minecraft:mangrove_propagule":1,"minecraft:crimson_stem":29,"minecraft:hay_block":3,"minecraft:furnace":4,"minecraft:carrots":5,"minecraft:andesite":29,"minecraft:nether_brick_fence":1,"minecraft:bookshelf":1,"minecraft:potatoes":5,"minecraft:deepslate_iron_ore":22,"minecraft:vine":1,"minecraft:warped_stem":16,"minecraft:stone":540,"minecraft:oak_slab":1,"minecraft:cherry_planks":15,"minecraft:basalt":3,"minecraft:dandelion":2,"minecraft:crafting_table":8,"minecraft:short_grass":298,"minecraft:warped_roots":2,"minecraft:lectern":43,"minecraft:tall_grass":25,"minecraft:deepslate_gold_ore":32,"minecraft:lily_pad":7,"minecraft:diorite":102,"minecraft:birch_planks":2,"minecraft:waxed_oxidized_copper_grate":5,"minecraft:white_carpet":1,"minecraft:birch_leaves":1,"minecraft:yellow_bed":1,"minecraft:coal_ore":234,"minecraft:gravel":150,"minecraft:cobweb":29,"minecraft:chipped_anvil":1},"minecraft:picked_up":{"minecraft:wooden_axe":3,"minecraft:iron_chestplate":17,"minecraft:wheat":8,"minecraft:chainmail_boots":2,"minecraft:nether_brick_fence":1,"minecraft:potion":15,"minecraft:enchanted_book":5,"minecraft:string":51,"minecraft:cooked_salmon":1,"minecraft:iron_leggings":14,"minecraft:cherry_boat":4,"minecraft:gold_nugget":1,"minecraft:cobbled_deepslate":129,"minecraft:trial_key":34,"minecraft:calcite":258,"minecraft:iron_pickaxe":15,"minecraft:melon_slice":87,"minecraft:furnace":5,"minecraft:iron_boots":16,"minecraft:tipped_arrow":49,"minecraft:stick":56,"minecraft:oak_fence":1,"minecraft:torch":94,"minecraft:porkchop":72,"minecraft:cherry_log":11,"minecraft:pointed_dripstone":11,"minecraft:diorite":266,"minecraft:warped_planks":51,"minecraft:stone_sword":1,"minecraft:honey_bottle":7,"minecraft:rotten_flesh":87,"minecraft:iron_block":1,"minecraft:armadillo_scute":4,"minecraft:blaze_rod":9,"minecraft:obsidian":18,"minecraft:cod":5,"minecraft:cobblestone":1323,"minecraft:birch_log":228,"minecraft:pink_petals":148,"minecraft:cooked_beef":19,"minecraft:feather":51,"minecraft:lilac":1,"minecraft:cherry_planks":139,"minecraft:water_bucket":16,"minecraft:andesite":28,"minecraft:brown_wool":2,"minecraft:potato":21,"minecraft:flint":12,"minecraft:tuff":24,"minecraft:lapis_lazuli":53,"minecraft:dirt":223,"minecraft:bone":262,"minecraft:chipped_anvil":1,"minecraft:stonecutter":1,"minecraft:bow":29,"minecraft:wheat_seeds":72,"minecraft:raw_gold":48,"minecraft:bolt_armor_trim_smithing_template":3,"minecraft:fletching_table":2,"minecraft:moss_block":2,"minecraft:scrape_pottery_sherd":4,"minecraft:oak_planks":55,"minecraft:honeycomb":27,"minecraft:cooked_porkchop":89,"minecraft:sand":28,"minecraft:dark_oak_log":96,"minecraft:diamond":103,"minecraft:waxed_oxidized_copper_grate":5,"minecraft:cracked_polished_blackstone_bricks":5,"minecraft:granite":42,"minecraft:crossbow":1,"minecraft:breeze_rod":22,"minecraft:bone_meal":2,"minecraft:golden_apple":1,"minecraft:emerald":54,"minecraft:chainmail_helmet":10,"minecraft:bread":136,"minecraft:ominous_trial_key":1,"minecraft:oak_sapling":4,"minecraft:netherrack":104,"minecraft:crimson_roots":1,"minecraft:diamond_pickaxe":4,"minecraft:waxed_oxidized_cut_copper":5,"minecraft:crafting_table":13,"minecraft:ominous_bottle":2,"minecraft:splash_potion":8,"minecraft:chicken":38,"minecraft:brown_mushroom":8,"minecraft:brick":26,"minecraft:shield":24,"minecraft:wind_charge":57,"minecraft:iron_axe":18,"minecraft:flint_and_steel":1,"minecraft:iron_shovel":3,"minecraft:blackstone":2,"minecraft:beef":55,"minecraft:oak_boat":5,"minecraft:poppy":1,"minecraft:lectern":43,"minecraft:chest":4,"minecraft:sugar_cane":59,"minecraft:birch_sapling":3,"minecraft:waxed_oxidized_copper":4,"minecraft:egg":6,"minecraft:raw_iron":200,"minecraft:bowl":2,"minecraft:fire_charge":4,"minecraft:polished_blackstone_bricks":14,"minecraft:carrot":63,"minecraft:dark_oak_planks":150,"minecraft:arrow":812,"minecraft:decorated_pot":35,"minecraft:nether_bricks":2,"minecraft:diamond_boots":1,"minecraft:hay_block":3,"minecraft:flow_armor_trim_smithing_template":1,"minecraft:tuff_bricks":34,"minecraft:glow_berries":10,"minecraft:mutton":103,"minecraft:rail":4,"minecraft:white_wool":49,"minecraft:basalt":3,"minecraft:golden_carrot":12,"minecraft:glow_ink_sac":3,"minecraft:crimson_stem":54,"minecraft:salmon":49,"minecraft:leather":27,"minecraft:red_mushroom":8,"minecraft:birch_planks":24,"minecraft:waxed_copper_bulb":5,"minecraft:lily_pad":19,"minecraft:oak_log":298,"minecraft:chainmail_chestplate":1,"minecraft:waxed_copper_block":13,"minecraft:golden_boots":3,"minecraft:nether_wart_block":2,"minecraft:gunpowder":12,"minecraft:white_banner":1,"minecraft:cooked_mutton":43,"minecraft:warped_stem":15,"minecraft:iron_ingot":161,"minecraft:stone_pickaxe":4,"minecraft:cooked_chicken":8,"minecraft:glass_bottle":3,"minecraft:soul_sand":12,"minecraft:iron_sword":16,"minecraft:acacia_sapling":1,"minecraft:book":4,"minecraft:oak_slab":1,"minecraft:smooth_basalt":4,"minecraft:birch_boat":1,"minecraft:dandelion":2,"minecraft:gravel":110,"minecraft:white_bed":11,"minecraft:spider_eye":3,"minecraft:polished_tuff":16,"minecraft:leather_helmet":3,"minecraft:slime_ball":254,"minecraft:stone_axe":8,"minecraft:iron_helmet":12,"minecraft:diamond_axe":1,"minecraft:cherry_sapling":2,"minecraft:gray_wool":1,"minecraft:warped_roots":2,"minecraft:baked_potato":9,"minecraft:mangrove_propagule":2,"minecraft:black_wool":1,"minecraft:coal":418,"minecraft:chiseled_tuff_bricks":2,"minecraft:ender_pearl":6},"minecraft:broken":{"minecraft:iron_leggings":1,"minecraft:stone_pickaxe":1,"minecraft:iron_sword":1,"minecraft:leather_helmet":1,"minecraft:shield":5,"minecraft:iron_axe":1,"minecraft:iron_pickaxe":3},"minecraft:killed_by":{"minecraft:piglin_brute":2,"minecraft:creeper":1,"minecraft:magma_cube":1,"minecraft:piglin":2,"minecraft:zombie":9,"minecraft:player":2,"minecraft:enderman":1,"minecraft:hoglin":1,"minecraft:skeleton":7},"minecraft:dropped":{"minecraft:iron_sword":2,"minecraft:soul_sand":24,"minecraft:lapis_lazuli":106,"minecraft:cooked_beef":12,"minecraft:glass_bottle":6,"minecraft:diamond":31,"minecraft:cooked_porkchop":42,"minecraft:rail":3,"minecraft:flint":2,"minecraft:dirt":14,"minecraft:polished_blackstone_bricks":4,"minecraft:bolt_armor_trim_smithing_template":1,"minecraft:iron_pickaxe":2,"minecraft:dark_oak_planks":25,"minecraft:bone":2,"minecraft:gravel":62,"minecraft:stone_axe":3,"minecraft:cherry_boat":1,"minecraft:sugar_cane":2,"minecraft:cobbled_deepslate":15,"minecraft:wheat":5,"minecraft:birch_sapling":2,"minecraft:rotten_flesh":6,"minecraft:oak_planks":6,"minecraft:cooked_mutton":31,"minecraft:waxed_copper_block":2,"minecraft:carrot":11,"minecraft:wind_charge":24,"minecraft:poppy":1,"minecraft:tipped_arrow":8,"minecraft:gunpowder":3,"minecraft:chainmail_boots":1,"minecraft:chest":1,"minecraft:arrow":96,"minecraft:water_bucket":1,"minecraft:enchanted_book":1,"minecraft:bread":13,"minecraft:wheat_seeds":1,"minecraft:oak_fence":1,"minecraft:mangrove_propagule":2,"minecraft:iron_helmet":2,"minecraft:feather":7,"minecraft:cobblestone":176,"minecraft:polished_tuff":5,"minecraft:granite":41,"minecraft:coal":14,"minecraft:diorite":117,"minecraft:golden_carrot":6,"minecraft:torch":26,"minecraft:wooden_axe":1,"minecraft:cherry_planks":48,"minecraft:waxed_copper_bulb":4,"minecraft:iron_leggings":2,"minecraft:armadillo_scute":2,"minecraft:iron_shovel":1,"minecraft:string":1,"minecraft:pink_petals":82,"minecraft:smooth_basalt":1,"minecraft:tuff_bricks":6,"minecraft:nether_wart":21,"minecraft:bowl":2,"minecraft:tuff":24,"minecraft:iron_boots":3,"minecraft:potato":17,"minecraft:shield":3,"minecraft:iron_chestplate":3,"minecraft:diamond_pickaxe":1,"minecraft:andesite":26,"minecraft:bow":5,"minecraft:calcite":194},"minecraft:killed":{"minecraft:cave_spider":2,"minecraft:zombified_piglin":5,"minecraft:witch":2,"minecraft:spider":14,"minecraft:cod":6,"minecraft:skeleton":115,"minecraft:chicken":30,"minecraft:silverfish":2,"minecraft:piglin_brute":2,"minecraft:piglin":8,"minecraft:pig":33,"minecraft:zombie_villager":1,"minecraft:salmon":51,"minecraft:creeper":5,"minecraft:sheep":62,"minecraft:pillager":3,"minecraft:zombie":117,"minecraft:glow_squid":1,"minecraft:blaze":15,"minecraft:cow":31,"minecraft:armadillo":1,"minecraft:slime":101,"minecraft:hoglin":1,"minecraft:breeze":10,"minecraft:enderman":1},"minecraft:used":{"minecraft:tuff_bricks":12,"minecraft:iron_shovel":332,"minecraft:chest":5,"minecraft:shield":340,"minecraft:iron_sword":925,"minecraft:rotten_flesh":10,"minecraft:iron_chestplate":2,"minecraft:soul_sand":18,"minecraft:mutton":2,"minecraft:carrot":20,"minecraft:tuff":2,"minecraft:obsidian":14,"minecraft:honey_bottle":4,"minecraft:iron_helmet":3,"minecraft:bow":167,"minecraft:ominous_bottle":1,"minecraft:furnace":10,"minecraft:potato":2,"minecraft:diorite":5,"minecraft:diamond_boots":1,"minecraft:oak_planks":1,"minecraft:stone_pickaxe":211,"minecraft:blackstone":2,"minecraft:wooden_pickaxe":6,"minecraft:sugar_cane":1,"minecraft:diamond_axe":382,"minecraft:glow_berries":10,"minecraft:golden_hoe":29,"minecraft:sand":28,"minecraft:mushroom_stew":8,"minecraft:melon_slice":21,"minecraft:bread":18,"minecraft:lectern":44,"minecraft:gravel":8,"minecraft:diamond_sword":152,"minecraft:andesite":2,"minecraft:oak_boat":4,"minecraft:bone_meal":6,"minecraft:cherry_boat":4,"minecraft:enchanting_table":1,"minecraft:cooked_salmon":42,"minecraft:trial_key":10,"minecraft:cooked_chicken":38,"minecraft:netherrack":7,"minecraft:torch":546,"minecraft:dirt":194,"minecraft:granite":1,"minecraft:wooden_axe":39,"minecraft:chipped_anvil":1,"minecraft:bookshelf":1,"minecraft:iron_axe":356,"minecraft:iron_boots":2,"minecraft:crimson_planks":21,"minecraft:melon_seeds":1,"minecraft:smooth_basalt":50,"minecraft:basalt":3,"minecraft:golden_carrot":12,"minecraft:cooked_beef":37,"minecraft:cobbled_deepslate":34,"minecraft:iron_leggings":3,"minecraft:crimson_stem":4,"minecraft:calcite":93,"minecraft:wheat_seeds":36,"minecraft:cooked_mutton":68,"minecraft:water_bucket":77,"minecraft:birch_planks":8,"minecraft:glass_bottle":2,"minecraft:baked_potato":6,"minecraft:cherry_planks":17,"minecraft:fletching_table":3,"minecraft:polished_blackstone_bricks":6,"minecraft:oak_slab":1,"minecraft:crafting_table":14,"minecraft:white_bed":16,"minecraft:warped_planks":9,"minecraft:diamond_pickaxe":690,"minecraft:ominous_trial_key":1,"minecraft:diamond_shovel":19,"minecraft:cracked_polished_blackstone_bricks":4,"minecraft:iron_pickaxe":804,"minecraft:stone_axe":10,"minecraft:cobblestone":496,"minecraft:potion":5,"minecraft:white_banner":1,"minecraft:cooked_porkchop":23,"minecraft:bucket":81,"minecraft:splash_potion":4}},"DataVersion":3953}