{"stats":{"minecraft:custom":{"minecraft:interact_with_crafting_table":86,"minecraft:open_barrel":16,"minecraft:leave_game":5,"minecraft:time_since_death":0,"minecraft:sprint_one_cm":2133481,"minecraft:damage_blocked_by_shield":11842,"minecraft:drop":105,"minecraft:play_time":507597,"minecraft:deaths":26,"minecraft:jump":12824,"minecraft:interact_with_brewingstand":1,"minecraft:walk_on_water_one_cm":40608,"minecraft:enchant_item":8,"minecraft:interact_with_furnace":244,"minecraft:sleep_in_bed":12,"minecraft:damage_dealt":43632,"minecraft:player_kills":3,"minecraft:crouch_one_cm":31751,"minecraft:inspect_dispenser":13,"minecraft:mob_kills":435,"minecraft:interact_with_anvil":2,"minecraft:climb_one_cm":15596,"minecraft:walk_one_cm":1139092,"minecraft:sneak_time":10147,"minecraft:walk_under_water_one_cm":37306,"minecraft:boat_one_cm":86050,"minecraft:total_world_time":507597,"minecraft:time_since_rest":446,"minecraft:damage_taken":16716,"minecraft:swim_one_cm":116518,"minecraft:fly_one_cm":2447171,"minecraft:open_chest":210,"minecraft:fall_one_cm":396452},"minecraft:crafted":{"minecraft:oak_planks":88,"minecraft:cooked_chicken":11,"minecraft:cooked_mutton":77,"minecraft:warped_planks":60,"minecraft:bow":1,"minecraft:iron_boots":2,"minecraft:chest":3,"minecraft:golden_boots":1,"minecraft:arrow":20,"minecraft:cooked_porkchop":60,"minecraft:crafting_table":6,"minecraft:wooden_pickaxe":1,"minecraft:iron_helmet":3,"minecraft:birch_planks":56,"minecraft:iron_chestplate":2,"minecraft:charcoal":34,"minecraft:diamond_pickaxe":1,"minecraft:shield":4,"minecraft:stick":152,"minecraft:iron_pickaxe":3,"minecraft:iron_ingot":91,"minecraft:gold_ingot":34,"minecraft:golden_carrot":20,"minecraft:furnace":8,"minecraft:mushroom_stew":8,"minecraft:iron_axe":2,"minecraft:stone_pickaxe":1,"minecraft:cooked_beef":41,"minecraft:crimson_planks":92,"minecraft:enchanting_table":1,"minecraft:iron_sword":3,"minecraft:cooked_salmon":18,"minecraft:bucket":2,"minecraft:stone_axe":1,"minecraft:air":0,"minecraft:oak_boat":1,"minecraft:golden_apple":1,"minecraft:gold_nugget":162,"minecraft:wooden_axe":2,"minecraft:iron_shovel":1,"minecraft:iron_leggings":3,"minecraft:white_bed":2,"minecraft:torch":452},"minecraft:mined":{"minecraft:white_bed":3,"minecraft:obsidian":18,"minecraft:cave_vines_plant":5,"minecraft:granite":37,"minecraft:acacia_log":5,"minecraft:grass_block":20,"minecraft:cracked_polished_blackstone_bricks":1,"minecraft:chiseled_tuff_bricks":1,"minecraft:tuff_bricks":13,"minecraft:spawner":1,"minecraft:iron_ore":94,"minecraft:cobbled_deepslate":3,"minecraft:cave_vines":2,"minecraft:torch":10,"minecraft:melon":11,"minecraft:chest":1,"minecraft:cobblestone":12,"minecraft:sugar_cane":2,"minecraft:wall_torch":5,"minecraft:waxed_copper_bulb":1,"minecraft:nether_wart_block":1,"minecraft:birch_log":55,"minecraft:magenta_bed":1,"minecraft:lilac":1,"minecraft:waxed_copper_block":6,"minecraft:oak_log":48,"minecraft:waxed_oxidized_copper":1,"minecraft:dirt":19,"minecraft:smooth_basalt":3,"minecraft:netherrack":5,"minecraft:oak_leaves":6,"minecraft:deepslate":210,"minecraft:tuff":33,"minecraft:mossy_cobblestone":1,"minecraft:deepslate_diamond_ore":10,"minecraft:dark_oak_log":7,"minecraft:glow_lichen":1,"minecraft:nether_bricks":1,"minecraft:decorated_pot":22,"minecraft:crimson_roots":2,"minecraft:crimson_stem":29,"minecraft:furnace":2,"minecraft:andesite":29,"minecraft:nether_brick_fence":1,"minecraft:deepslate_iron_ore":20,"minecraft:vine":1,"minecraft:warped_stem":16,"minecraft:stone":381,"minecraft:dandelion":1,"minecraft:crafting_table":4,"minecraft:short_grass":22,"minecraft:warped_roots":2,"minecraft:tall_grass":5,"minecraft:deepslate_gold_ore":17,"minecraft:lily_pad":7,"minecraft:diorite":83,"minecraft:birch_planks":2,"minecraft:waxed_oxidized_copper_grate":5,"minecraft:coal_ore":152,"minecraft:gravel":99,"minecraft:cobweb":19},"minecraft:picked_up":{"minecraft:wooden_axe":3,"minecraft:iron_chestplate":16,"minecraft:chainmail_boots":1,"minecraft:nether_brick_fence":1,"minecraft:potion":14,"minecraft:enchanted_book":4,"minecraft:string":44,"minecraft:cooked_salmon":1,"minecraft:iron_leggings":13,"minecraft:gold_nugget":1,"minecraft:cobbled_deepslate":117,"minecraft:trial_key":32,"minecraft:calcite":258,"minecraft:iron_pickaxe":14,"minecraft:melon_slice":55,"minecraft:iron_boots":15,"minecraft:furnace":3,"minecraft:tipped_arrow":37,"minecraft:stick":56,"minecraft:torch":78,"minecraft:porkchop":56,"minecraft:cherry_log":11,"minecraft:diorite":262,"minecraft:warped_planks":51,"minecraft:honey_bottle":7,"minecraft:rotten_flesh":56,"minecraft:blaze_rod":9,"minecraft:obsidian":18,"minecraft:cod":5,"minecraft:cobblestone":1135,"minecraft:birch_log":180,"minecraft:pink_petals":19,"minecraft:cooked_beef":17,"minecraft:feather":25,"minecraft:lilac":1,"minecraft:water_bucket":16,"minecraft:andesite":28,"minecraft:brown_wool":2,"minecraft:potato":4,"minecraft:flint":7,"minecraft:tuff":24,"minecraft:dirt":36,"minecraft:bone":237,"minecraft:bow":29,"minecraft:wheat_seeds":5,"minecraft:raw_gold":17,"minecraft:bolt_armor_trim_smithing_template":3,"minecraft:moss_block":2,"minecraft:scrape_pottery_sherd":4,"minecraft:oak_planks":50,"minecraft:honeycomb":27,"minecraft:cooked_porkchop":89,"minecraft:dark_oak_log":96,"minecraft:diamond":23,"minecraft:waxed_oxidized_copper_grate":5,"minecraft:cracked_polished_blackstone_bricks":1,"minecraft:breeze_rod":22,"minecraft:granite":39,"minecraft:bone_meal":2,"minecraft:golden_apple":1,"minecraft:bread":136,"minecraft:emerald":38,"minecraft:chainmail_helmet":10,"minecraft:netherrack":104,"minecraft:crimson_roots":1,"minecraft:diamond_pickaxe":2,"minecraft:waxed_oxidized_cut_copper":5,"minecraft:crafting_table":9,"minecraft:splash_potion":8,"minecraft:ominous_bottle":1,"minecraft:chicken":17,"minecraft:brown_mushroom":8,"minecraft:shield":24,"minecraft:brick":26,"minecraft:wind_charge":57,"minecraft:iron_axe":18,"minecraft:flint_and_steel":1,"minecraft:iron_shovel":3,"minecraft:beef":38,"minecraft:oak_boat":5,"minecraft:sugar_cane":35,"minecraft:chest":4,"minecraft:birch_sapling":2,"minecraft:waxed_oxidized_copper":4,"minecraft:egg":3,"minecraft:raw_iron":117,"minecraft:bowl":2,"minecraft:fire_charge":4,"minecraft:polished_blackstone_bricks":8,"minecraft:carrot":5,"minecraft:dark_oak_planks":150,"minecraft:arrow":776,"minecraft:decorated_pot":35,"minecraft:nether_bricks":2,"minecraft:tuff_bricks":33,"minecraft:glow_berries":10,"minecraft:mutton":63,"minecraft:white_wool":21,"minecraft:rail":4,"minecraft:crimson_stem":54,"minecraft:golden_carrot":12,"minecraft:glow_ink_sac":3,"minecraft:salmon":25,"minecraft:leather":23,"minecraft:red_mushroom":8,"minecraft:birch_planks":24,"minecraft:waxed_copper_bulb":5,"minecraft:lily_pad":19,"minecraft:oak_log":86,"minecraft:waxed_copper_block":13,"minecraft:golden_boots":3,"minecraft:nether_wart_block":2,"minecraft:gunpowder":10,"minecraft:cooked_mutton":43,"minecraft:warped_stem":15,"minecraft:iron_ingot":161,"minecraft:stone_pickaxe":3,"minecraft:cooked_chicken":8,"minecraft:glass_bottle":3,"minecraft:iron_sword":15,"minecraft:acacia_sapling":1,"minecraft:book":1,"minecraft:smooth_basalt":4,"minecraft:birch_boat":1,"minecraft:dandelion":1,"minecraft:gravel":110,"minecraft:white_bed":3,"minecraft:polished_tuff":16,"minecraft:spider_eye":1,"minecraft:leather_helmet":1,"minecraft:slime_ball":245,"minecraft:stone_axe":5,"minecraft:iron_helmet":11,"minecraft:cherry_sapling":2,"minecraft:gray_wool":1,"minecraft:warped_roots":2,"minecraft:baked_potato":9,"minecraft:coal":310,"minecraft:chiseled_tuff_bricks":1,"minecraft:ender_pearl":6},"minecraft:broken":{"minecraft:iron_leggings":1,"minecraft:stone_pickaxe":1,"minecraft:iron_sword":1,"minecraft:shield":3,"minecraft:iron_axe":1,"minecraft:iron_pickaxe":3},"minecraft:killed_by":{"minecraft:piglin_brute":2,"minecraft:creeper":1,"minecraft:magma_cube":1,"minecraft:piglin":2,"minecraft:zombie":7,"minecraft:player":2,"minecraft:enderman":1,"minecraft:hoglin":1,"minecraft:skeleton":7},"minecraft:dropped":{"minecraft:iron_sword":2,"minecraft:cooked_beef":12,"minecraft:glass_bottle":4,"minecraft:diamond":5,"minecraft:cooked_porkchop":42,"minecraft:rail":3,"minecraft:flint":2,"minecraft:dirt":14,"minecraft:polished_blackstone_bricks":4,"minecraft:bolt_armor_trim_smithing_template":1,"minecraft:iron_pickaxe":2,"minecraft:dark_oak_planks":25,"minecraft:bone":2,"minecraft:gravel":62,"minecraft:cobbled_deepslate":3,"minecraft:birch_sapling":2,"minecraft:rotten_flesh":3,"minecraft:cooked_mutton":20,"minecraft:waxed_copper_block":2,"minecraft:wind_charge":24,"minecraft:tipped_arrow":8,"minecraft:gunpowder":3,"minecraft:chest":1,"minecraft:chainmail_boots":1,"minecraft:arrow":96,"minecraft:water_bucket":1,"minecraft:enchanted_book":1,"minecraft:bread":3,"minecraft:wheat_seeds":1,"minecraft:iron_helmet":1,"minecraft:feather":7,"minecraft:cobblestone":174,"minecraft:polished_tuff":5,"minecraft:granite":39,"minecraft:coal":14,"minecraft:diorite":117,"minecraft:golden_carrot":6,"minecraft:torch":26,"minecraft:wooden_axe":1,"minecraft:waxed_copper_bulb":4,"minecraft:iron_leggings":1,"minecraft:pink_petals":18,"minecraft:smooth_basalt":1,"minecraft:tuff_bricks":6,"minecraft:bowl":2,"minecraft:tuff":24,"minecraft:iron_boots":3,"minecraft:shield":3,"minecraft:iron_chestplate":2,"minecraft:andesite":26,"minecraft:bow":5,"minecraft:calcite":194},"minecraft:killed":{"minecraft:zombified_piglin":4,"minecraft:witch":1,"minecraft:spider":3,"minecraft:cod":6,"minecraft:skeleton":73,"minecraft:chicken":17,"minecraft:silverfish":2,"minecraft:piglin_brute":2,"minecraft:piglin":8,"minecraft:pig":28,"minecraft:zombie_villager":1,"minecraft:salmon":26,"minecraft:creeper":4,"minecraft:sheep":44,"minecraft:zombie":65,"minecraft:glow_squid":1,"minecraft:cow":23,"minecraft:blaze":15,"minecraft:slime":88,"minecraft:hoglin":1,"minecraft:breeze":10,"minecraft:enderman":1},"minecraft:used":{"minecraft:tuff_bricks":12,"minecraft:iron_shovel":90,"minecraft:chest":3,"minecraft:shield":191,"minecraft:iron_sword":723,"minecraft:rotten_flesh":10,"minecraft:iron_chestplate":2,"minecraft:mutton":1,"minecraft:carrot":7,"minecraft:tuff":2,"minecraft:honey_bottle":4,"minecraft:obsidian":14,"minecraft:iron_helmet":3,"minecraft:bow":118,"minecraft:ominous_bottle":1,"minecraft:furnace":8,"minecraft:potato":2,"minecraft:diorite":1,"minecraft:stone_pickaxe":211,"minecraft:wooden_pickaxe":6,"minecraft:glow_berries":10,"minecraft:mushroom_stew":8,"minecraft:bread":18,"minecraft:gravel":8,"minecraft:andesite":2,"minecraft:oak_boat":4,"minecraft:enchanting_table":1,"minecraft:trial_key":9,"minecraft:cooked_salmon":18,"minecraft:cooked_chicken":22,"minecraft:netherrack":7,"minecraft:torch":377,"minecraft:dirt":39,"minecraft:wooden_axe":39,"minecraft:iron_axe":356,"minecraft:iron_boots":2,"minecraft:crimson_planks":21,"minecraft:smooth_basalt":50,"minecraft:golden_carrot":12,"minecraft:cooked_beef":31,"minecraft:cobbled_deepslate":34,"minecraft:iron_leggings":3,"minecraft:calcite":29,"minecraft:crimson_stem":4,"minecraft:cooked_mutton":50,"minecraft:water_bucket":43,"minecraft:birch_planks":8,"minecraft:baked_potato":6,"minecraft:crafting_table":9,"minecraft:white_bed":5,"minecraft:warped_planks":9,"minecraft:diamond_pickaxe":166,"minecraft:iron_pickaxe":789,"minecraft:stone_axe":10,"minecraft:cobblestone":323,"minecraft:potion":1,"minecraft:cooked_porkchop":6,"minecraft:bucket":45}},"DataVersion":3953}