{"stats":{"minecraft:broken":{"minecraft:stone_pickaxe":1,"minecraft:iron_pickaxe":1},"minecraft:mined":{"minecraft:tuff":46,"minecraft:deepslate_diamond_ore":6,"minecraft:obsidian":15,"minecraft:granite":12,"minecraft:grass_block":6,"minecraft:sandstone":9,"minecraft:large_fern":2,"minecraft:iron_ore":7,"minecraft:snow":2,"minecraft:andesite":32,"minecraft:stone":236,"minecraft:deepslate_redstone_ore":2,"minecraft:crafting_table":2,"minecraft:torch":9,"minecraft:short_grass":1,"minecraft:tall_grass":1,"minecraft:sugar_cane":1,"minecraft:diorite":24,"minecraft:wall_torch":16,"minecraft:purple_bed":2,"minecraft:sweet_berry_bush":15,"minecraft:ice":1,"minecraft:spruce_log":23,"minecraft:yellow_bed":1,"minecraft:coal_ore":30,"minecraft:oak_log":51,"minecraft:sand":27,"minecraft:gravel":13,"minecraft:netherrack":1,"minecraft:oak_leaves":1,"minecraft:deepslate":173},"minecraft:killed_by":{"minecraft:player":1,"minecraft:piglin_brute":1,"minecraft:skeleton":1,"minecraft:zombie":1},"minecraft:custom":{"minecraft:mob_kills":45,"minecraft:interact_with_crafting_table":29,"minecraft:leave_game":1,"minecraft:time_since_death":4788,"minecraft:sprint_one_cm":288006,"minecraft:walk_one_cm":270675,"minecraft:damage_blocked_by_shield":1352,"minecraft:drop":13,"minecraft:play_time":112227,"minecraft:deaths":5,"minecraft:sneak_time":4977,"minecraft:walk_under_water_one_cm":3614,"minecraft:jump":2521,"minecraft:walk_on_water_one_cm":11740,"minecraft:total_world_time":112227,"minecraft:interact_with_furnace":42,"minecraft:sleep_in_bed":1,"minecraft:time_since_rest":4911,"minecraft:damage_taken":3098,"minecraft:damage_dealt":5900,"minecraft:fly_one_cm":587789,"minecraft:swim_one_cm":62989,"minecraft:open_chest":16,"minecraft:crouch_one_cm":9494,"minecraft:interact_with_smoker":5,"minecraft:fall_one_cm":57363},"minecraft:used":{"minecraft:stone_sword":94,"minecraft:flint_and_steel":1,"minecraft:stone_shovel":41,"minecraft:shield":20,"minecraft:iron_sword":17,"minecraft:cooked_salmon":4,"minecraft:wooden_shovel":2,"minecraft:torch":41,"minecraft:dirt":4,"minecraft:mutton":3,"minecraft:obsidian":12,"minecraft:wooden_axe":35,"minecraft:beef":1,"minecraft:sweet_berries":1,"minecraft:furnace":3,"minecraft:cooked_beef":13,"minecraft:cooked_mutton":6,"minecraft:water_bucket":5,"minecraft:diorite":1,"minecraft:stone_pickaxe":189,"minecraft:wooden_pickaxe":42,"minecraft:sandstone":7,"minecraft:sand":3,"minecraft:crafting_table":4,"minecraft:diamond_pickaxe":17,"minecraft:iron_pickaxe":347,"minecraft:gravel":7,"minecraft:stone_axe":78,"minecraft:cobblestone":57,"minecraft:purple_bed":2,"minecraft:bucket":7},"minecraft:dropped":{"minecraft:cooked_beef":2,"minecraft:feather":1,"minecraft:granite":6,"minecraft:stick":2,"minecraft:dirt":6,"minecraft:diorite":1,"minecraft:wooden_axe":1,"minecraft:brown_wool":1,"minecraft:bone":1,"minecraft:stone_sword":1,"minecraft:bowl":1,"minecraft:sandstone":5},"minecraft:crafted":{"minecraft:oak_planks":112,"minecraft:stone_shovel":1,"minecraft:cooked_chicken":1,"minecraft:furnace":3,"minecraft:cooked_mutton":6,"minecraft:flint_and_steel":1,"minecraft:stone_pickaxe":2,"minecraft:cooked_rabbit":1,"minecraft:cooked_beef":16,"minecraft:wooden_shovel":1,"minecraft:cooked_porkchop":9,"minecraft:crafting_table":2,"minecraft:spruce_planks":60,"minecraft:wooden_pickaxe":2,"minecraft:cooked_salmon":16,"minecraft:bucket":2,"minecraft:stone_axe":2,"minecraft:air":0,"minecraft:diamond_pickaxe":1,"minecraft:charcoal":8,"minecraft:shield":2,"minecraft:stick":60,"minecraft:iron_ingot":12,"minecraft:iron_pickaxe":3,"minecraft:wooden_axe":2,"minecraft:stone_sword":2,"minecraft:torch":60},"minecraft:picked_up":{"minecraft:wooden_axe":2,"minecraft:charcoal":4,"minecraft:crafting_table":2,"minecraft:chicken":1,"minecraft:clay_ball":4,"minecraft:wooden_pickaxe":2,"minecraft:cooked_rabbit":1,"minecraft:shield":3,"minecraft:string":7,"minecraft:cobbled_deepslate":228,"minecraft:spruce_planks":50,"minecraft:beef":24,"minecraft:iron_nugget":4,"minecraft:wooden_shovel":2,"minecraft:iron_pickaxe":3,"minecraft:sugar_cane":8,"minecraft:golden_helmet":2,"minecraft:raw_iron":8,"minecraft:stick":10,"minecraft:sandstone":15,"minecraft:torch":111,"minecraft:bowl":2,"minecraft:fire_charge":1,"minecraft:porkchop":27,"minecraft:diorite":36,"minecraft:redstone":18,"minecraft:tnt":2,"minecraft:stone_sword":3,"minecraft:arrow":6,"minecraft:stone_shovel":1,"minecraft:rotten_flesh":8,"minecraft:obsidian":16,"minecraft:mutton":10,"minecraft:snowball":4,"minecraft:white_wool":12,"minecraft:cobblestone":364,"minecraft:feather":1,"minecraft:cooked_beef":11,"minecraft:water_bucket":2,"minecraft:andesite":64,"minecraft:leather":28,"minecraft:brown_wool":1,"minecraft:flint":20,"minecraft:tuff":48,"minecraft:oak_log":51,"minecraft:yellow_bed":2,"minecraft:dirt":14,"minecraft:paper":7,"minecraft:bone":1,"minecraft:apple":3,"minecraft:cooked_chicken":1,"minecraft:iron_ingot":6,"minecraft:stone_pickaxe":1,"minecraft:rabbit":1,"minecraft:oak_planks":67,"minecraft:iron_sword":1,"minecraft:cooked_porkchop":9,"minecraft:sweet_berries":90,"minecraft:gravel":20,"minecraft:sand":69,"minecraft:spruce_log":29,"minecraft:spider_eye":3,"minecraft:purple_bed":3,"minecraft:diamond":12,"minecraft:stone_axe":2,"minecraft:granite":24,"minecraft:bread":8,"minecraft:coal":75},"minecraft:killed":{"minecraft:spider":6,"minecraft:skeleton":6,"minecraft:chicken":1,"minecraft:piglin":1,"minecraft:pig":8,"minecraft:rabbit":1,"minecraft:sheep":7,"minecraft:zombie":4,"minecraft:cow":11}},"DataVersion":3953}