{"stats":{"minecraft:custom":{"minecraft:interact_with_furnace":27,"minecraft:mob_kills":16,"minecraft:interact_with_crafting_table":11,"minecraft:leave_game":1,"minecraft:time_since_death":62796,"minecraft:sleep_in_bed":3,"minecraft:climb_one_cm":930,"minecraft:time_since_rest":23112,"minecraft:sprint_one_cm":216447,"minecraft:damage_taken":618,"minecraft:walk_one_cm":64436,"minecraft:drop":7,"minecraft:damage_dealt":1958,"minecraft:swim_one_cm":17218,"minecraft:fly_one_cm":261924,"minecraft:open_chest":7,"minecraft:crouch_one_cm":6432,"minecraft:play_time":62796,"minecraft:sneak_time":2098,"minecraft:walk_under_water_one_cm":2310,"minecraft:boat_one_cm":51664,"minecraft:jump":1461,"minecraft:walk_on_water_one_cm":8714,"minecraft:total_world_time":62796,"minecraft:fall_one_cm":34465},"minecraft:crafted":{"minecraft:cooked_beef":7,"minecraft:crafting_table":1,"minecraft:cooked_chicken":1,"minecraft:wooden_pickaxe":1,"minecraft:birch_boat":1,"minecraft:iron_helmet":1,"minecraft:iron_sword":1,"minecraft:furnace":2,"minecraft:birch_planks":100,"minecraft:stone_axe":1,"minecraft:air":0,"minecraft:iron_chestplate":1,"minecraft:iron_boots":1,"minecraft:shield":1,"minecraft:iron_axe":1,"minecraft:stick":16,"minecraft:iron_ingot":40,"minecraft:iron_pickaxe":1,"minecraft:stone_pickaxe":1,"minecraft:iron_leggings":1,"minecraft:torch":24},"minecraft:mined":{"minecraft:white_bed":4,"minecraft:crafting_table":1,"minecraft:torch":6,"minecraft:short_grass":7,"minecraft:grass_block":3,"minecraft:sugar_cane":8,"minecraft:wall_torch":4,"minecraft:large_fern":1,"minecraft:hay_block":7,"minecraft:seagrass":1,"minecraft:birch_planks":3,"minecraft:birch_log":48,"minecraft:iron_ore":7,"minecraft:sweet_berry_bush":12,"minecraft:birch_leaves":2,"minecraft:pumpkin":4,"minecraft:bee_nest":1,"minecraft:coal_ore":9,"minecraft:stone":35,"minecraft:oak_leaves":6,"minecraft:fern":1},"minecraft:picked_up":{"minecraft:birch_log":71,"minecraft:crafting_table":1,"minecraft:feather":3,"minecraft:chicken":3,"minecraft:leather":5,"minecraft:birch_planks":3,"minecraft:gunpowder":1,"minecraft:dirt":3,"minecraft:cooked_mutton":10,"minecraft:wheat_seeds":1,"minecraft:beef":7,"minecraft:oak_boat":1,"minecraft:sugar_cane":10,"minecraft:stick":7,"minecraft:raw_iron":7,"minecraft:birch_boat":6,"minecraft:pumpkin":4,"minecraft:sweet_berries":30,"minecraft:torch":11,"minecraft:gravel":19,"minecraft:porkchop":4,"minecraft:white_bed":4,"minecraft:rotten_flesh":4,"minecraft:hay_block":7,"minecraft:gray_wool":1,"minecraft:mutton":4,"minecraft:coal":9,"minecraft:white_wool":15,"minecraft:cobblestone":36},"minecraft:dropped":{"minecraft:iron_sword":1,"minecraft:iron_helmet":1,"minecraft:iron_boots":1,"minecraft:shield":1,"minecraft:iron_chestplate":1,"minecraft:iron_leggings":1,"minecraft:stone_pickaxe":1},"minecraft:killed":{"minecraft:pig":2,"minecraft:zombie_villager":1,"minecraft:sheep":2,"minecraft:zombie":3,"minecraft:chicken":4,"minecraft:enderman":1,"minecraft:cow":3},"minecraft:used":{"minecraft:cooked_mutton":10,"minecraft:birch_planks":24,"minecraft:stone_pickaxe":18,"minecraft:wooden_pickaxe":11,"minecraft:birch_boat":6,"minecraft:iron_sword":11,"minecraft:torch":20,"minecraft:dirt":3,"minecraft:crafting_table":2,"minecraft:white_bed":4,"minecraft:iron_axe":93,"minecraft:iron_pickaxe":24,"minecraft:stone_axe":8,"minecraft:cobblestone":13,"minecraft:sweet_berries":10,"minecraft:furnace":2,"minecraft:porkchop":1,"minecraft:cooked_beef":1}},"DataVersion":3953}