{"stats":{"minecraft:mined":{"minecraft:tuff":1,"minecraft:white_bed":2,"minecraft:crafting_table":4,"minecraft:glow_lichen":1,"minecraft:torch":12,"minecraft:short_grass":6,"minecraft:grass_block":3,"minecraft:lectern":1,"minecraft:cobblestone":14,"minecraft:oak_planks":1,"minecraft:wall_torch":3,"minecraft:seagrass":1,"minecraft:tall_seagrass":1,"minecraft:purple_bed":1,"minecraft:furnace":3,"minecraft:iron_ore":4,"minecraft:spruce_log":16,"minecraft:oak_log":44,"minecraft:coal_ore":8,"minecraft:gravel":2,"minecraft:sand":2,"minecraft:dirt":8,"minecraft:packed_ice":1,"minecraft:stone":57,"minecraft:oak_leaves":13},"minecraft:killed_by":{"minecraft:piglin":1,"minecraft:skeleton":1},"minecraft:custom":{"minecraft:interact_with_furnace":11,"minecraft:mob_kills":18,"minecraft:interact_with_crafting_table":15,"minecraft:leave_game":3,"minecraft:time_since_death":3247,"minecraft:sleep_in_bed":2,"minecraft:time_since_rest":3293,"minecraft:sprint_one_cm":166097,"minecraft:damage_taken":989,"minecraft:walk_one_cm":80735,"minecraft:drop":3,"minecraft:damage_dealt":1687,"minecraft:swim_one_cm":23775,"minecraft:talked_to_villager":1,"minecraft:fly_one_cm":292117,"minecraft:player_kills":1,"minecraft:open_chest":5,"minecraft:crouch_one_cm":7710,"minecraft:play_time":59675,"minecraft:deaths":2,"minecraft:sneak_time":2729,"minecraft:walk_under_water_one_cm":1484,"minecraft:jump":1305,"minecraft:walk_on_water_one_cm":8009,"minecraft:total_world_time":59675,"minecraft:fall_one_cm":30603},"minecraft:used":{"minecraft:cooked_mutton":1,"minecraft:stone_pickaxe":66,"minecraft:oak_planks":5,"minecraft:spruce_planks":12,"minecraft:wooden_pickaxe":28,"minecraft:torch":33,"minecraft:sand":2,"minecraft:dirt":1,"minecraft:crafting_table":6,"minecraft:white_bed":1,"minecraft:tuff":49,"minecraft:spruce_log":2,"minecraft:wooden_axe":11,"minecraft:stone_axe":71,"minecraft:cobblestone":7,"minecraft:purple_bed":1,"minecraft:furnace":3,"minecraft:cooked_porkchop":6,"minecraft:cooked_beef":2},"minecraft:dropped":{"minecraft:wheat_seeds":2,"minecraft:cooked_beef":2,"minecraft:tuff":46},"minecraft:crafted":{"minecraft:cooked_beef":7,"minecraft:wooden_sword":1,"minecraft:oak_planks":140,"minecraft:cooked_porkchop":1,"minecraft:crafting_table":3,"minecraft:spruce_planks":52,"minecraft:wooden_pickaxe":2,"minecraft:furnace":3,"minecraft:stone_axe":2,"minecraft:cooked_mutton":7,"minecraft:air":0,"minecraft:stick":20,"minecraft:leather_chestplate":1,"minecraft:stone_pickaxe":1,"minecraft:wooden_axe":2,"minecraft:torch":16},"minecraft:picked_up":{"minecraft:crafting_table":4,"minecraft:cooked_beef":4,"minecraft:salmon":3,"minecraft:leather":8,"minecraft:tuff":47,"minecraft:oak_log":41,"minecraft:dirt":11,"minecraft:apple":1,"minecraft:wheat_seeds":2,"minecraft:beef":17,"minecraft:lectern":1,"minecraft:oak_planks":1,"minecraft:furnace":3,"minecraft:raw_iron":4,"minecraft:stick":2,"minecraft:cooked_porkchop":5,"minecraft:torch":18,"minecraft:porkchop":6,"minecraft:sand":2,"minecraft:white_bed":2,"minecraft:spruce_log":17,"minecraft:purple_bed":1,"minecraft:rotten_flesh":3,"minecraft:bone_meal":2,"minecraft:gray_wool":1,"minecraft:oak_sapling":2,"minecraft:mutton":6,"minecraft:coal":8,"minecraft:white_wool":3,"minecraft:cobblestone":78},"minecraft:killed":{"minecraft:pig":2,"minecraft:salmon":3,"minecraft:sheep":4,"minecraft:cow":9}},"DataVersion":3953}